
#define RECORD_DATA_SIZE (20820)
int record_data[] = {
0x00, 0x00, 0x00, 0x00, 0x00, 0x00, 0x00, 0x00, 0x00, 0x00,
0x00, 0x00, 0x00, 0x00, 0x00, 0x00, 0x00, 0x00, 0x00, 0x00,
0x10, 0x10, 0x10, 0x10, 0x10, 0x10, 0x10, 0x10, 0x10, 0x10,
0x10, 0x10, 0x10, 0x10, 0x10, 0x10, 0x10, 0x10, 0x10, 0x10,
0x10, 0x10, 0x10, 0x10, 0x10, 0x14, 0x14, 0x14, 0x14, 0x14,
0x14, 0x14, 0x14, 0x14, 0x14, 0x14, 0x14, 0x14, 0x14, 0x14,
0x14, 0x1C, 0x1C, 0x18, 0x18, 0x18, 0x18, 0x18, 0x18, 0x18,
0x18, 0x18, 0x18, 0x18, 0x18, 0x18, 0x18, 0x18, 0x18, 0x18,
0x18, 0x18, 0x18, 0x18, 0x18, 0x18, 0x18, 0x18, 0x18, 0x18,
0x18, 0x18, 0x18, 0x18, 0x18, 0x18, 0x18, 0x18, 0x19, 0x11,
0x11, 0x11, 0x11, 0x11, 0x11, 0x11, 0x11, 0x11, 0x11, 0x15,
0x15, 0x15, 0x15, 0x14, 0x14, 0x14, 0x14, 0x14, 0x14, 0x14,
0x14, 0x14, 0x14, 0x14, 0x14, 0x14, 0x14, 0x14, 0x14, 0x14,
0x14, 0x14, 0x14, 0x14, 0x14, 0x14, 0x14, 0x14, 0x14, 0x14,
0x14, 0x16, 0x16, 0x16, 0x16, 0x12, 0x12, 0x12, 0x12, 0x1A,
0x1A, 0x1A, 0x1A, 0x18, 0x18, 0x18, 0x18, 0x18, 0x18, 0x18,
0x18, 0x18, 0x18, 0x18, 0x18, 0x18, 0x18, 0x18, 0x18, 0x18,
0x18, 0x18, 0x18, 0x18, 0x18, 0x18, 0x18, 0x1C, 0x1C, 0x14,
0x14, 0x14, 0x14, 0x14, 0x14, 0x14, 0x14, 0x14, 0x14, 0x14,
0x14, 0x14, 0x14, 0x14, 0x14, 0x14, 0x14, 0x14, 0x14, 0x14,
0x14, 0x14, 0x14, 0x14, 0x14, 0x1C, 0x1C, 0x18, 0x18, 0x18,
0x18, 0x18, 0x18, 0x18, 0x18, 0x18, 0x18, 0x18, 0x18, 0x18,
0x18, 0x18, 0x18, 0x18, 0x18, 0x18, 0x18, 0x18, 0x18, 0x18,
0x18, 0x18, 0x18, 0x18, 0x1C, 0x14, 0x14, 0x14, 0x14, 0x14,
0x14, 0x14, 0x14, 0x14, 0x14, 0x14, 0x14, 0x14, 0x14, 0x14,
0x14, 0x14, 0x14, 0x14, 0x14, 0x14, 0x14, 0x14, 0x14, 0x14,
0x14, 0x14, 0x1C, 0x1C, 0x18, 0x18, 0x18, 0x18, 0x18, 0x18,
0x18, 0x1A, 0x1A, 0x12, 0x16, 0x16, 0x14, 0x14, 0x14, 0x14,
0x14, 0x14, 0x14, 0x14, 0x14, 0x18, 0x18, 0x18, 0x18, 0x18,
0x19, 0x11, 0x11, 0x11, 0x11, 0x11, 0x11, 0x11, 0x11, 0x11,
0x11, 0x11, 0x19, 0x19, 0x19, 0x19, 0x18, 0x18, 0x18, 0x18,
0x18, 0x18, 0x18, 0x1A, 0x1A, 0x1A, 0x1A, 0x18, 0x1C, 0x14,
0x14, 0x14, 0x14, 0x14, 0x14, 0x14, 0x1C, 0x18, 0x18, 0x18,
0x18, 0x18, 0x18, 0x1C, 0x14, 0x14, 0x14, 0x14, 0x14, 0x15,
0x15, 0x15, 0x15, 0x15, 0x11, 0x11, 0x11, 0x11, 0x11, 0x11,
0x11, 0x11, 0x15, 0x15, 0x14, 0x14, 0x14, 0x14, 0x10, 0x10,
0x10, 0x10, 0x18, 0x18, 0x18, 0x18, 0x10, 0x10, 0x10, 0x10,
0x10, 0x10, 0x10, 0x10, 0x14, 0x14, 0x10, 0x10, 0x10, 0x10,
0x10, 0x18, 0x18, 0x18, 0x18, 0x18, 0x18, 0x18, 0x1A, 0x1A,
0x1A, 0x1A, 0x1A, 0x1A, 0x1A, 0x18, 0x18, 0x18, 0x18, 0x18,
0x18, 0x18, 0x18, 0x1C, 0x1C, 0x14, 0x14, 0x16, 0x16, 0x16,
0x16, 0x12, 0x12, 0x12, 0x12, 0x12, 0x10, 0x10, 0x10, 0x11,
0x11, 0x15, 0x15, 0x15, 0x15, 0x15, 0x15, 0x11, 0x11, 0x10,
0x10, 0x10, 0x14, 0x14, 0x14, 0x10, 0x10, 0x10, 0x10, 0x10,
0x12, 0x12, 0x12, 0x12, 0x1A, 0x1A, 0x1A, 0x18, 0x18, 0x18,
0x18, 0x18, 0x18, 0x18, 0x18, 0x1C, 0x1C, 0x1C, 0x14, 0x14,
0x14, 0x14, 0x14, 0x14, 0x14, 0x14, 0x14, 0x14, 0x14, 0x14,
0x14, 0x1C, 0x1C, 0x18, 0x18, 0x18, 0x18, 0x18, 0x18, 0x18,
0x18, 0x18, 0x18, 0x1A, 0x1A, 0x1A, 0x1A, 0x1A, 0x18, 0x18,
0x18, 0x18, 0x18, 0x18, 0x18, 0x1C, 0x1C, 0x14, 0x14, 0x14,
0x14, 0x14, 0x14, 0x14, 0x14, 0x14, 0x14, 0x14, 0x14, 0x14,
0x14, 0x14, 0x14, 0x14, 0x14, 0x14, 0x14, 0x14, 0x14, 0x14,
0x14, 0x14, 0x14, 0x14, 0x14, 0x14, 0x14, 0x14, 0x14, 0x14,
0x14, 0x14, 0x16, 0x16, 0x16, 0x16, 0x14, 0x14, 0x1C, 0x18,
0x18, 0x18, 0x18, 0x18, 0x18, 0x18, 0x18, 0x18, 0x18, 0x18,
0x18, 0x18, 0x18, 0x18, 0x18, 0x18, 0x18, 0x18, 0x18, 0x18,
0x18, 0x18, 0x18, 0x18, 0x18, 0x18, 0x18, 0x18, 0x18, 0x18,
0x1C, 0x14, 0x14, 0x14, 0x14, 0x14, 0x14, 0x14, 0x14, 0x14,
0x14, 0x14, 0x14, 0x14, 0x14, 0x14, 0x14, 0x14, 0x14, 0x14,
0x14, 0x14, 0x14, 0x15, 0x15, 0x15, 0x15, 0x15, 0x15, 0x15,
0x15, 0x14, 0x14, 0x14, 0x14, 0x16, 0x16, 0x1A, 0x18, 0x18,
0x18, 0x18, 0x18, 0x18, 0x18, 0x18, 0x19, 0x19, 0x19, 0x19,
0x19, 0x19, 0x19, 0x19, 0x19, 0x19, 0x19, 0x19, 0x19, 0x19,
0x19, 0x14, 0x14, 0x14, 0x14, 0x14, 0x14, 0x14, 0x14, 0x16,
0x16, 0x16, 0x16, 0x16, 0x14, 0x14, 0x14, 0x15, 0x15, 0x15,
0x15, 0x15, 0x15, 0x15, 0x11, 0x19, 0x19, 0x18, 0x18, 0x18,
0x18, 0x18, 0x1A, 0x12, 0x16, 0x16, 0x16, 0x16, 0x16, 0x12,
0x12, 0x1A, 0x1A, 0x1A, 0x1A, 0x1A, 0x18, 0x18, 0x18, 0x18,
0x18, 0x18, 0x18, 0x18, 0x18, 0x1C, 0x1C, 0x1E, 0x16, 0x16,
0x16, 0x16, 0x16, 0x16, 0x16, 0x16, 0x14, 0x14, 0x14, 0x14,
0x14, 0x15, 0x15, 0x11, 0x11, 0x11, 0x11, 0x11, 0x19, 0x19,
0x19, 0x19, 0x19, 0x19, 0x11, 0x11, 0x10, 0x10, 0x10, 0x10,
0x10, 0x10, 0x16, 0x16, 0x16, 0x16, 0x16, 0x16, 0x16, 0x16,
0x14, 0x14, 0x10, 0x10, 0x11, 0x11, 0x11, 0x11, 0x11, 0x11,
0x11, 0x11, 0x11, 0x11, 0x11, 0x11, 0x11, 0x11, 0x11, 0x19,
0x18, 0x10, 0x10, 0x10, 0x12, 0x12, 0x12, 0x12, 0x12, 0x10,
0x10, 0x11, 0x11, 0x11, 0x11, 0x11, 0x11, 0x11, 0x11, 0x11,
0x10, 0x10, 0x10, 0x10, 0x10, 0x10, 0x12, 0x12, 0x12, 0x12,
0x12, 0x12, 0x12, 0x12, 0x12, 0x12, 0x12, 0x12, 0x12, 0x12,
0x12, 0x1A, 0x1A, 0x1A, 0x1A, 0x1A, 0x1A, 0x1A, 0x1A, 0x1A,
0x1A, 0x1A, 0x1A, 0x18, 0x18, 0x18, 0x18, 0x18, 0x18, 0x18,
0x18, 0x18, 0x18, 0x18, 0x18, 0x18, 0x18, 0x18, 0x18, 0x18,
0x18, 0x1C, 0x1C, 0x14, 0x14, 0x14, 0x14, 0x14, 0x14, 0x16,
0x16, 0x16, 0x16, 0x16, 0x16, 0x16, 0x16, 0x14, 0x14, 0x14,
0x14, 0x14, 0x1C, 0x18, 0x18, 0x18, 0x18, 0x18, 0x18, 0x18,
0x18, 0x18, 0x18, 0x18, 0x18, 0x18, 0x18, 0x19, 0x19, 0x19,
0x19, 0x19, 0x19, 0x19, 0x19, 0x11, 0x15, 0x15, 0x15, 0x15,
0x14, 0x14, 0x14, 0x14, 0x14, 0x14, 0x14, 0x14, 0x14, 0x14,
0x14, 0x14, 0x14, 0x14, 0x14, 0x14, 0x14, 0x14, 0x14, 0x14,
0x14, 0x14, 0x14, 0x14, 0x14, 0x14, 0x14, 0x1C, 0x18, 0x18,
0x18, 0x18, 0x18, 0x18, 0x18, 0x18, 0x18, 0x18, 0x18, 0x18,
0x18, 0x18, 0x18, 0x18, 0x18, 0x1A, 0x1A, 0x1A, 0x1A, 0x1A,
0x1A, 0x1A, 0x1A, 0x1A, 0x1A, 0x1A, 0x1A, 0x1A, 0x1A, 0x1E,
0x14, 0x14, 0x14, 0x14, 0x14, 0x14, 0x14, 0x14, 0x14, 0x14,
0x14, 0x14, 0x14, 0x14, 0x14, 0x14, 0x14, 0x14, 0x14, 0x14,
0x14, 0x14, 0x14, 0x14, 0x14, 0x14, 0x14, 0x14, 0x14, 0x14,
0x14, 0x14, 0x1C, 0x1C, 0x18, 0x18, 0x18, 0x18, 0x18, 0x18,
0x19, 0x19, 0x19, 0x19, 0x19, 0x19, 0x19, 0x19, 0x19, 0x19,
0x19, 0x19, 0x19, 0x19, 0x18, 0x18, 0x18, 0x18, 0x18, 0x18,
0x18, 0x18, 0x18, 0x18, 0x18, 0x18, 0x1A, 0x1A, 0x1A, 0x16,
0x16, 0x16, 0x14, 0x14, 0x14, 0x14, 0x14, 0x14, 0x14, 0x14,
0x14, 0x14, 0x14, 0x04, 0x04, 0x04, 0x04, 0x04, 0x04, 0x04,
0x04, 0x04, 0x04, 0x04, 0x04, 0x04, 0x04, 0x04, 0x00, 0x08,
0x08, 0x18, 0x18, 0x18, 0x18, 0x18, 0x18, 0x18, 0x18, 0x18,
0x18, 0x18, 0x18, 0x18, 0x18, 0x18, 0x18, 0x18, 0x18, 0x18,
0x18, 0x1C, 0x14, 0x14, 0x14, 0x14, 0x14, 0x14, 0x14, 0x14,
0x14, 0x14, 0x14, 0x14, 0x14, 0x14, 0x14, 0x14, 0x14, 0x14,
0x14, 0x14, 0x14, 0x14, 0x14, 0x14, 0x14, 0x16, 0x16, 0x16,
0x16, 0x1E, 0x18, 0x18, 0x18, 0x18, 0x18, 0x18, 0x18, 0x18,
0x18, 0x18, 0x18, 0x18, 0x18, 0x18, 0x18, 0x18, 0x18, 0x18,
0x18, 0x18, 0x18, 0x18, 0x18, 0x18, 0x18, 0x18, 0x18, 0x18,
0x19, 0x19, 0x19, 0x19, 0x19, 0x19, 0x19, 0x11, 0x11, 0x11,
0x15, 0x15, 0x15, 0x14, 0x14, 0x14, 0x14, 0x14, 0x14, 0x14,
0x14, 0x14, 0x14, 0x14, 0x14, 0x14, 0x14, 0x1C, 0x18, 0x18,
0x19, 0x19, 0x19, 0x19, 0x19, 0x19, 0x19, 0x18, 0x18, 0x18,
0x18, 0x18, 0x19, 0x19, 0x1D, 0x15, 0x14, 0x14, 0x14, 0x14,
0x15, 0x15, 0x11, 0x11, 0x10, 0x10, 0x10, 0x10, 0x10, 0x10,
0x14, 0x14, 0x14, 0x14, 0x14, 0x14, 0x16, 0x16, 0x12, 0x12,
0x12, 0x12, 0x12, 0x12, 0x12, 0x12, 0x12, 0x12, 0x12, 0x12,
0x12, 0x12, 0x12, 0x12, 0x12, 0x12, 0x12, 0x12, 0x12, 0x1A,
0x1A, 0x18, 0x18, 0x10, 0x10, 0x10, 0x10, 0x10, 0x12, 0x12,
0x16, 0x16, 0x16, 0x16, 0x16, 0x10, 0x10, 0x10, 0x10, 0x10,
0x10, 0x10, 0x10, 0x10, 0x10, 0x10, 0x10, 0x10, 0x10, 0x10,
0x10, 0x10, 0x10, 0x10, 0x10, 0x10, 0x10, 0x10, 0x10, 0x10,
0x10, 0x10, 0x10, 0x10, 0x10, 0x10, 0x10, 0x10, 0x10, 0x10,
0x10, 0x10, 0x10, 0x10, 0x10, 0x10, 0x10, 0x10, 0x10, 0x10,
0x10, 0x10, 0x10, 0x10, 0x10, 0x10, 0x10, 0x10, 0x10, 0x10,
0x10, 0x10, 0x10, 0x10, 0x10, 0x10, 0x10, 0x10, 0x10, 0x10,
0x10, 0x10, 0x10, 0x10, 0x10, 0x10, 0x10, 0x10, 0x10, 0x10,
0x10, 0x10, 0x10, 0x10, 0x10, 0x10, 0x10, 0x10, 0x10, 0x10,
0x10, 0x10, 0x10, 0x10, 0x10, 0x10, 0x10, 0x10, 0x10, 0x10,
0x10, 0x10, 0x10, 0x10, 0x10, 0x10, 0x10, 0x10, 0x10, 0x08,
0x08, 0x08, 0x08, 0x04, 0x04, 0x04, 0x04, 0x04, 0x04, 0x04,
0x04, 0x04, 0x04, 0x04, 0x04, 0x04, 0x04, 0x04, 0x00, 0x00,
0x00, 0x01, 0x01, 0x01, 0x01, 0x01, 0x08, 0x08, 0x08, 0x08,
0x08, 0x00, 0x00, 0x08, 0x08, 0x08, 0x08, 0x00, 0x00, 0x04,
0x04, 0x04, 0x00, 0x00, 0x00, 0x00, 0x04, 0x04, 0x04, 0x04,
0x04, 0x04, 0x00, 0x00, 0x08, 0x08, 0x08, 0x08, 0x00, 0x00,
0x08, 0x08, 0x08, 0x08, 0x08, 0x08, 0x08, 0x08, 0x08, 0x08,
0x08, 0x08, 0x08, 0x08, 0x08, 0x08, 0x08, 0x08, 0x08, 0x08,
0x08, 0x00, 0x04, 0x04, 0x04, 0x04, 0x04, 0x04, 0x04, 0x04,
0x06, 0x06, 0x06, 0x06, 0x0A, 0x08, 0x08, 0x08, 0x08, 0x08,
0x00, 0x00, 0x00, 0x08, 0x08, 0x08, 0x08, 0x00, 0x00, 0x00,
0x00, 0x00, 0x00, 0x00, 0x00, 0x00, 0x00, 0x00, 0x00, 0x04,
0x04, 0x04, 0x04, 0x04, 0x04, 0x04, 0x04, 0x04, 0x04, 0x04,
0x04, 0x04, 0x04, 0x08, 0x08, 0x08, 0x08, 0x08, 0x00, 0x04,
0x04, 0x04, 0x04, 0x04, 0x04, 0x04, 0x00, 0x08, 0x08, 0x00,
0x00, 0x00, 0x08, 0x08, 0x08, 0x08, 0x00, 0x00, 0x00, 0x00,
0x08, 0x08, 0x08, 0x08, 0x08, 0x08, 0x08, 0x08, 0x00, 0x00,
0x00, 0x00, 0x00, 0x00, 0x04, 0x04, 0x04, 0x04, 0x00, 0x00,
0x04, 0x04, 0x04, 0x00, 0x00, 0x00, 0x08, 0x08, 0x08, 0x00,
0x00, 0x00, 0x00, 0x08, 0x08, 0x00, 0x00, 0x00, 0x04, 0x04,
0x04, 0x04, 0x00, 0x00, 0x00, 0x00, 0x00, 0x04, 0x04, 0x04,
0x04, 0x04, 0x04, 0x04, 0x04, 0x04, 0x04, 0x04, 0x04, 0x04,
0x00, 0x00, 0x00, 0x00, 0x00, 0x08, 0x08, 0x08, 0x08, 0x08,
0x08, 0x08, 0x00, 0x00, 0x00, 0x00, 0x00, 0x00, 0x00, 0x00,
0x00, 0x00, 0x00, 0x00, 0x00, 0x08, 0x08, 0x08, 0x08, 0x08,
0x08, 0x08, 0x08, 0x08, 0x08, 0x08, 0x08, 0x08, 0x08, 0x08,
0x00, 0x00, 0x00, 0x00, 0x00, 0x00, 0x00, 0x00, 0x00, 0x00,
0x00, 0x00, 0x00, 0x00, 0x04, 0x04, 0x04, 0x04, 0x04, 0x04,
0x04, 0x04, 0x04, 0x04, 0x04, 0x04, 0x00, 0x00, 0x00, 0x00,
0x00, 0x00, 0x00, 0x00, 0x00, 0x00, 0x00, 0x00, 0x00, 0x00,
0x00, 0x04, 0x04, 0x04, 0x04, 0x04, 0x04, 0x04, 0x04, 0x04,
0x04, 0x04, 0x04, 0x00, 0x00, 0x00, 0x00, 0x00, 0x00, 0x00,
0x00, 0x00, 0x00, 0x08, 0x08, 0x08, 0x00, 0x00, 0x00, 0x08,
0x08, 0x08, 0x00, 0x00, 0x00, 0x00, 0x00, 0x00, 0x00, 0x00,
0x08, 0x08, 0x08, 0x08, 0x08, 0x08, 0x00, 0x04, 0x04, 0x04,
0x04, 0x04, 0x04, 0x04, 0x00, 0x00, 0x00, 0x00, 0x00, 0x00,
0x00, 0x00, 0x00, 0x00, 0x00, 0x00, 0x08, 0x08, 0x08, 0x08,
0x08, 0x08, 0x08, 0x08, 0x08, 0x08, 0x08, 0x08, 0x08, 0x08,
0x08, 0x08, 0x00, 0x00, 0x00, 0x00, 0x04, 0x04, 0x04, 0x04,
0x04, 0x04, 0x04, 0x04, 0x00, 0x00, 0x00, 0x00, 0x00, 0x00,
0x00, 0x00, 0x00, 0x00, 0x00, 0x00, 0x00, 0x00, 0x00, 0x00,
0x00, 0x00, 0x00, 0x00, 0x00, 0x00, 0x04, 0x04, 0x04, 0x04,
0x04, 0x04, 0x04, 0x04, 0x04, 0x04, 0x04, 0x04, 0x04, 0x00,
0x08, 0x08, 0x08, 0x08, 0x08, 0x00, 0x00, 0x00, 0x00, 0x04,
0x04, 0x04, 0x00, 0x00, 0x00, 0x00, 0x08, 0x08, 0x08, 0x08,
0x08, 0x00, 0x00, 0x00, 0x00, 0x00, 0x08, 0x08, 0x08, 0x08,
0x08, 0x08, 0x08, 0x08, 0x08, 0x08, 0x08, 0x00, 0x00, 0x00,
0x00, 0x00, 0x00, 0x00, 0x00, 0x00, 0x04, 0x04, 0x00, 0x00,
0x00, 0x00, 0x00, 0x00, 0x00, 0x00, 0x00, 0x00, 0x00, 0x00,
0x00, 0x00, 0x00, 0x00, 0x00, 0x00, 0x00, 0x00, 0x00, 0x00,
0x04, 0x04, 0x04, 0x04, 0x04, 0x04, 0x04, 0x04, 0x04, 0x04,
0x04, 0x04, 0x04, 0x04, 0x04, 0x04, 0x04, 0x00, 0x00, 0x00,
0x00, 0x00, 0x08, 0x08, 0x08, 0x00, 0x00, 0x00, 0x08, 0x08,
0x08, 0x00, 0x00, 0x00, 0x08, 0x08, 0x08, 0x00, 0x00, 0x00,
0x00, 0x00, 0x00, 0x00, 0x00, 0x08, 0x08, 0x08, 0x08, 0x08,
0x00, 0x00, 0x00, 0x00, 0x08, 0x08, 0x08, 0x08, 0x08, 0x08,
0x08, 0x08, 0x08, 0x00, 0x00, 0x00, 0x00, 0x00, 0x00, 0x00,
0x00, 0x00, 0x00, 0x00, 0x00, 0x00, 0x00, 0x00, 0x00, 0x00,
0x00, 0x00, 0x00, 0x00, 0x00, 0x00, 0x00, 0x00, 0x00, 0x04,
0x04, 0x04, 0x00, 0x00, 0x00, 0x04, 0x04, 0x04, 0x04, 0x04,
0x04, 0x00, 0x08, 0x08, 0x08, 0x08, 0x08, 0x08, 0x08, 0x08,
0x00, 0x04, 0x04, 0x04, 0x04, 0x04, 0x00, 0x04, 0x04, 0x04,
0x04, 0x04, 0x04, 0x04, 0x04, 0x04, 0x04, 0x00, 0x00, 0x00,
0x00, 0x00, 0x08, 0x08, 0x08, 0x08, 0x08, 0x00, 0x00, 0x00,
0x04, 0x04, 0x04, 0x04, 0x00, 0x00, 0x00, 0x04, 0x04, 0x04,
0x04, 0x04, 0x00, 0x00, 0x00, 0x00, 0x00, 0x00, 0x00, 0x00,
0x00, 0x00, 0x00, 0x08, 0x08, 0x08, 0x00, 0x00, 0x00, 0x00,
0x00, 0x00, 0x00, 0x00, 0x08, 0x08, 0x00, 0x00, 0x08, 0x08,
0x08, 0x08, 0x08, 0x08, 0x08, 0x08, 0x08, 0x08, 0x08, 0x08,
0x00, 0x00, 0x00, 0x00, 0x00, 0x00, 0x00, 0x00, 0x00, 0x00,
0x00, 0x00, 0x00, 0x00, 0x00, 0x00, 0x00, 0x00, 0x00, 0x00,
0x00, 0x00, 0x00, 0x00, 0x00, 0x00, 0x00, 0x00, 0x00, 0x00,
0x00, 0x00, 0x00, 0x00, 0x00, 0x00, 0x00, 0x00, 0x00, 0x00,
0x00, 0x00, 0x00, 0x00, 0x04, 0x04, 0x04, 0x04, 0x04, 0x00,
0x00, 0x00, 0x00, 0x00, 0x00, 0x00, 0x00, 0x00, 0x00, 0x00,
0x00, 0x00, 0x00, 0x00, 0x08, 0x08, 0x08, 0x08, 0x00, 0x00,
0x00, 0x00, 0x00, 0x08, 0x08, 0x08, 0x00, 0x08, 0x08, 0x08,
0x08, 0x08, 0x08, 0x08, 0x08, 0x08, 0x08, 0x00, 0x00, 0x00,
0x00, 0x00, 0x00, 0x00, 0x00, 0x04, 0x04, 0x04, 0x04, 0x00,
0x00, 0x00, 0x00, 0x00, 0x04, 0x04, 0x04, 0x04, 0x04, 0x04,
0x04, 0x04, 0x04, 0x00, 0x00, 0x04, 0x04, 0x04, 0x04, 0x04,
0x04, 0x04, 0x04, 0x04, 0x04, 0x04, 0x04, 0x04, 0x00, 0x00,
0x00, 0x00, 0x00, 0x00, 0x00, 0x08, 0x08, 0x08, 0x08, 0x00,
0x00, 0x00, 0x00, 0x00, 0x00, 0x08, 0x08, 0x00, 0x00, 0x00,
0x00, 0x08, 0x08, 0x00, 0x00, 0x00, 0x00, 0x00, 0x08, 0x00,
0x00, 0x00, 0x00, 0x00, 0x04, 0x04, 0x04, 0x04, 0x04, 0x00,
0x00, 0x00, 0x00, 0x00, 0x00, 0x00, 0x00, 0x00, 0x00, 0x00,
0x08, 0x08, 0x08, 0x08, 0x08, 0x08, 0x08, 0x08, 0x08, 0x08,
0x00, 0x00, 0x00, 0x00, 0x04, 0x04, 0x04, 0x00, 0x00, 0x00,
0x04, 0x04, 0x04, 0x04, 0x00, 0x00, 0x00, 0x00, 0x04, 0x04,
0x04, 0x04, 0x04, 0x04, 0x04, 0x04, 0x04, 0x04, 0x00, 0x00,
0x00, 0x00, 0x00, 0x00, 0x00, 0x00, 0x00, 0x00, 0x00, 0x00,
0x00, 0x00, 0x00, 0x00, 0x00, 0x08, 0x08, 0x08, 0x00, 0x00,
0x00, 0x00, 0x00, 0x00, 0x00, 0x00, 0x00, 0x00, 0x00, 0x00,
0x00, 0x00, 0x00, 0x00, 0x00, 0x00, 0x00, 0x00, 0x00, 0x00,
0x00, 0x00, 0x00, 0x00, 0x00, 0x00, 0x00, 0x08, 0x08, 0x08,
0x08, 0x08, 0x08, 0x08, 0x08, 0x08, 0x08, 0x08, 0x08, 0x08,
0x08, 0x08, 0x00, 0x00, 0x00, 0x00, 0x00, 0x00, 0x00, 0x00,
0x00, 0x00, 0x00, 0x00, 0x00, 0x00, 0x00, 0x00, 0x00, 0x00,
0x00, 0x00, 0x00, 0x00, 0x00, 0x00, 0x00, 0x00, 0x00, 0x00,
0x00, 0x00, 0x00, 0x00, 0x00, 0x00, 0x00, 0x00, 0x04, 0x04,
0x04, 0x04, 0x04, 0x04, 0x04, 0x00, 0x00, 0x00, 0x00, 0x00,
0x00, 0x00, 0x00, 0x00, 0x00, 0x00, 0x04, 0x04, 0x00, 0x00,
0x00, 0x00, 0x00, 0x00, 0x00, 0x00, 0x00, 0x00, 0x00, 0x00,
0x00, 0x08, 0x08, 0x08, 0x00, 0x00, 0x00, 0x00, 0x00, 0x08,
0x08, 0x08, 0x08, 0x00, 0x00, 0x08, 0x08, 0x08, 0x08, 0x08,
0x08, 0x08, 0x08, 0x00, 0x00, 0x00, 0x00, 0x00, 0x00, 0x00,
0x00, 0x00, 0x00, 0x00, 0x00, 0x00, 0x00, 0x00, 0x00, 0x00,
0x00, 0x00, 0x00, 0x00, 0x00, 0x00, 0x00, 0x04, 0x04, 0x04,
0x04, 0x04, 0x00, 0x00, 0x00, 0x00, 0x00, 0x08, 0x08, 0x08,
0x00, 0x00, 0x00, 0x00, 0x00, 0x00, 0x04, 0x04, 0x00, 0x08,
0x08, 0x08, 0x08, 0x08, 0x08, 0x08, 0x08, 0x08, 0x08, 0x00,
0x00, 0x00, 0x04, 0x04, 0x04, 0x04, 0x04, 0x00, 0x00, 0x08,
0x08, 0x08, 0x04, 0x04, 0x04, 0x04, 0x04, 0x04, 0x00, 0x00,
0x00, 0x00, 0x00, 0x00, 0x00, 0x00, 0x00, 0x00, 0x00, 0x00,
0x00, 0x00, 0x00, 0x00, 0x08, 0x08, 0x08, 0x08, 0x08, 0x08,
0x00, 0x00, 0x00, 0x00, 0x00, 0x00, 0x00, 0x00, 0x00, 0x00,
0x00, 0x00, 0x00, 0x00, 0x00, 0x00, 0x00, 0x04, 0x04, 0x04,
0x04, 0x04, 0x04, 0x00, 0x00, 0x00, 0x00, 0x00, 0x00, 0x00,
0x00, 0x00, 0x04, 0x04, 0x00, 0x00, 0x00, 0x00, 0x00, 0x08,
0x08, 0x08, 0x08, 0x00, 0x00, 0x00, 0x00, 0x00, 0x00, 0x00,
0x00, 0x00, 0x00, 0x00, 0x00, 0x00, 0x00, 0x00, 0x04, 0x04,
0x04, 0x04, 0x04, 0x00, 0x00, 0x00, 0x00, 0x00, 0x00, 0x00,
0x00, 0x00, 0x00, 0x00, 0x00, 0x00, 0x04, 0x04, 0x04, 0x00,
0x00, 0x00, 0x00, 0x00, 0x00, 0x04, 0x04, 0x04, 0x04, 0x04,
0x04, 0x04, 0x00, 0x00, 0x00, 0x00, 0x00, 0x00, 0x00, 0x00,
0x00, 0x08, 0x08, 0x08, 0x08, 0x08, 0x08, 0x08, 0x08, 0x08,
0x08, 0x08, 0x08, 0x08, 0x00, 0x00, 0x00, 0x00, 0x00, 0x00,
0x00, 0x04, 0x04, 0x04, 0x04, 0x04, 0x00, 0x00, 0x00, 0x00,
0x00, 0x00, 0x08, 0x08, 0x08, 0x08, 0x08, 0x08, 0x08, 0x00,
0x00, 0x00, 0x00, 0x08, 0x00, 0x00, 0x04, 0x04, 0x04, 0x04,
0x04, 0x00, 0x00, 0x04, 0x04, 0x04, 0x04, 0x00, 0x00, 0x00,
0x00, 0x00, 0x04, 0x04, 0x04, 0x04, 0x04, 0x04, 0x04, 0x00,
0x00, 0x00, 0x00, 0x00, 0x00, 0x00, 0x00, 0x00, 0x00, 0x00,
0x00, 0x00, 0x00, 0x00, 0x00, 0x00, 0x08, 0x00, 0x00, 0x00,
0x00, 0x00, 0x00, 0x08, 0x08, 0x08, 0x08, 0x08, 0x08, 0x08,
0x08, 0x08, 0x08, 0x08, 0x08, 0x00, 0x00, 0x00, 0x00, 0x00,
0x00, 0x00, 0x00, 0x00, 0x00, 0x00, 0x00, 0x00, 0x00, 0x00,
0x00, 0x00, 0x00, 0x00, 0x00, 0x00, 0x00, 0x00, 0x00, 0x00,
0x00, 0x00, 0x00, 0x00, 0x00, 0x00, 0x00, 0x00, 0x00, 0x00,
0x00, 0x00, 0x00, 0x00, 0x00, 0x00, 0x00, 0x00, 0x08, 0x08,
0x08, 0x08, 0x00, 0x00, 0x00, 0x00, 0x00, 0x00, 0x00, 0x00,
0x00, 0x00, 0x00, 0x00, 0x04, 0x04, 0x04, 0x04, 0x04, 0x04,
0x04, 0x04, 0x04, 0x04, 0x00, 0x00, 0x00, 0x00, 0x00, 0x00,
0x00, 0x00, 0x00, 0x00, 0x00, 0x00, 0x00, 0x00, 0x00, 0x00,
0x08, 0x08, 0x00, 0x08, 0x08, 0x08, 0x00, 0x00, 0x00, 0x00,
0x08, 0x08, 0x08, 0x08, 0x08, 0x08, 0x08, 0x08, 0x08, 0x08,
0x00, 0x00, 0x00, 0x00, 0x00, 0x00, 0x00, 0x00, 0x00, 0x00,
0x00, 0x00, 0x00, 0x00, 0x00, 0x00, 0x00, 0x00, 0x00, 0x00,
0x00, 0x00, 0x00, 0x00, 0x00, 0x00, 0x00, 0x00, 0x00, 0x00,
0x00, 0x00, 0x00, 0x00, 0x00, 0x00, 0x00, 0x00, 0x00, 0x00,
0x00, 0x00, 0x00, 0x00, 0x00, 0x00, 0x00, 0x00, 0x00, 0x00,
0x00, 0x04, 0x04, 0x04, 0x04, 0x04, 0x04, 0x04, 0x04, 0x00,
0x00, 0x00, 0x00, 0x00, 0x00, 0x00, 0x00, 0x00, 0x00, 0x00,
0x00, 0x00, 0x00, 0x00, 0x00, 0x00, 0x00, 0x00, 0x00, 0x00,
0x00, 0x00, 0x00, 0x00, 0x00, 0x00, 0x00, 0x00, 0x00, 0x00,
0x00, 0x00, 0x00, 0x00, 0x00, 0x00, 0x08, 0x08, 0x08, 0x08,
0x08, 0x08, 0x08, 0x08, 0x00, 0x00, 0x00, 0x00, 0x08, 0x08,
0x08, 0x08, 0x08, 0x08, 0x08, 0x08, 0x08, 0x00, 0x00, 0x04,
0x04, 0x00, 0x00, 0x00, 0x00, 0x00, 0x00, 0x00, 0x00, 0x00,
0x00, 0x00, 0x00, 0x04, 0x04, 0x04, 0x04, 0x04, 0x04, 0x04,
0x04, 0x04, 0x04, 0x04, 0x04, 0x04, 0x04, 0x04, 0x04, 0x04,
0x00, 0x00, 0x00, 0x00, 0x00, 0x00, 0x00, 0x00, 0x00, 0x00,
0x00, 0x08, 0x08, 0x08, 0x00, 0x00, 0x00, 0x00, 0x00, 0x00,
0x00, 0x00, 0x00, 0x00, 0x00, 0x00, 0x00, 0x00, 0x00, 0x00,
0x00, 0x00, 0x00, 0x00, 0x00, 0x00, 0x00, 0x00, 0x00, 0x08,
0x08, 0x08, 0x08, 0x08, 0x08, 0x08, 0x08, 0x08, 0x08, 0x08,
0x08, 0x08, 0x08, 0x08, 0x08, 0x08, 0x08, 0x08, 0x08, 0x00,
0x00, 0x08, 0x08, 0x08, 0x08, 0x08, 0x08, 0x08, 0x08, 0x00,
0x04, 0x04, 0x04, 0x04, 0x04, 0x04, 0x04, 0x04, 0x04, 0x04,
0x04, 0x04, 0x04, 0x04, 0x04, 0x04, 0x04, 0x04, 0x04, 0x04,
0x04, 0x04, 0x04, 0x04, 0x04, 0x04, 0x04, 0x04, 0x04, 0x08,
0x08, 0x08, 0x08, 0x08, 0x08, 0x08, 0x08, 0x08, 0x00, 0x00,
0x04, 0x04, 0x04, 0x04, 0x04, 0x04, 0x04, 0x04, 0x00, 0x00,
0x00, 0x00, 0x00, 0x08, 0x08, 0x00, 0x00, 0x04, 0x04, 0x04,
0x04, 0x04, 0x04, 0x04, 0x04, 0x04, 0x04, 0x00, 0x00, 0x00,
0x00, 0x00, 0x00, 0x00, 0x00, 0x08, 0x08, 0x08, 0x08, 0x08,
0x08, 0x08, 0x08, 0x08, 0x08, 0x00, 0x00, 0x00, 0x00, 0x08,
0x08, 0x08, 0x08, 0x08, 0x08, 0x08, 0x08, 0x08, 0x08, 0x08,
0x08, 0x08, 0x08, 0x08, 0x08, 0x08, 0x08, 0x08, 0x08, 0x08,
0x08, 0x08, 0x00, 0x00, 0x04, 0x04, 0x04, 0x04, 0x04, 0x04,
0x04, 0x04, 0x04, 0x04, 0x04, 0x04, 0x04, 0x04, 0x04, 0x04,
0x04, 0x04, 0x04, 0x04, 0x04, 0x04, 0x04, 0x04, 0x04, 0x04,
0x04, 0x04, 0x04, 0x04, 0x00, 0x00, 0x00, 0x00, 0x00, 0x00,
0x00, 0x00, 0x00, 0x00, 0x00, 0x00, 0x00, 0x00, 0x00, 0x00,
0x00, 0x08, 0x08, 0x08, 0x08, 0x08, 0x08, 0x00, 0x00, 0x00,
0x00, 0x00, 0x08, 0x08, 0x08, 0x08, 0x08, 0x08, 0x08, 0x08,
0x08, 0x08, 0x08, 0x08, 0x08, 0x08, 0x08, 0x08, 0x08, 0x08,
0x08, 0x08, 0x08, 0x08, 0x08, 0x08, 0x08, 0x08, 0x08, 0x08,
0x08, 0x08, 0x00, 0x04, 0x04, 0x04, 0x04, 0x04, 0x04, 0x04,
0x04, 0x04, 0x04, 0x04, 0x04, 0x04, 0x04, 0x04, 0x04, 0x04,
0x04, 0x04, 0x04, 0x04, 0x04, 0x04, 0x04, 0x04, 0x04, 0x04,
0x04, 0x04, 0x04, 0x04, 0x04, 0x04, 0x04, 0x04, 0x04, 0x00,
0x08, 0x08, 0x08, 0x08, 0x00, 0x00, 0x00, 0x08, 0x08, 0x08,
0x00, 0x00, 0x00, 0x00, 0x00, 0x01, 0x01, 0x01, 0x01, 0x01,
0x01, 0x01, 0x01, 0x09, 0x08, 0x08, 0x08, 0x08, 0x08, 0x0A,
0x0A, 0x0A, 0x0A, 0x0A, 0x0A, 0x0A, 0x0A, 0x0A, 0x0A, 0x0A,
0x0A, 0x0A, 0x08, 0x08, 0x08, 0x09, 0x09, 0x09, 0x09, 0x09,
0x09, 0x09, 0x09, 0x09, 0x09, 0x00, 0x04, 0x04, 0x04, 0x04,
0x04, 0x04, 0x06, 0x06, 0x06, 0x06, 0x06, 0x06, 0x06, 0x06,
0x04, 0x04, 0x04, 0x04, 0x04, 0x05, 0x05, 0x01, 0x01, 0x01,
0x01, 0x01, 0x01, 0x01, 0x01, 0x01, 0x01, 0x01, 0x01, 0x01,
0x00, 0x00, 0x00, 0x00, 0x00, 0x00, 0x00, 0x00, 0x00, 0x00,
0x00, 0x00, 0x00, 0x02, 0x02, 0x02, 0x02, 0x02, 0x02, 0x02,
0x02, 0x02, 0x02, 0x02, 0x02, 0x02, 0x02, 0x02, 0x02, 0x00,
0x00, 0x00, 0x00, 0x00, 0x08, 0x08, 0x08, 0x08, 0x08, 0x08,
0x08, 0x00, 0x00, 0x00, 0x00, 0x00, 0x00, 0x00, 0x00, 0x00,
0x00, 0x00, 0x00, 0x00, 0x00, 0x00, 0x00, 0x00, 0x00, 0x00,
0x00, 0x00, 0x00, 0x00, 0x00, 0x00, 0x00, 0x00, 0x00, 0x00,
0x00, 0x00, 0x00, 0x00, 0x00, 0x00, 0x00, 0x00, 0x00, 0x00,
0x00, 0x00, 0x00, 0x00, 0x00, 0x00, 0x00, 0x00, 0x00, 0x00,
0x00, 0x00, 0x00, 0x00, 0x00, 0x00, 0x00, 0x00, 0x00, 0x00,
0x00, 0x00, 0x00, 0x00, 0x00, 0x00, 0x00, 0x00, 0x00, 0x00,
0x00, 0x00, 0x00, 0x00, 0x00, 0x00, 0x00, 0x00, 0x00, 0x00,
0x00, 0x00, 0x00, 0x00, 0x00, 0x00, 0x00, 0x00, 0x00, 0x00,
0x00, 0x00, 0x00, 0x00, 0x00, 0x00, 0x00, 0x00, 0x00, 0x00,
0x00, 0x00, 0x00, 0x00, 0x00, 0x00, 0x00, 0x00, 0x00, 0x00,
0x00, 0x00, 0x00, 0x00, 0x00, 0x00, 0x00, 0x00, 0x00, 0x00,
0x00, 0x00, 0x00, 0x00, 0x00, 0x00, 0x00, 0x00, 0x00, 0x00,
0x00, 0x00, 0x00, 0x00, 0x00, 0x00, 0x00, 0x00, 0x00, 0x00,
0x00, 0x00, 0x00, 0x00, 0x00, 0x00, 0x00, 0x00, 0x00, 0x00,
0x00, 0x00, 0x00, 0x00, 0x00, 0x00, 0x00, 0x00, 0x00, 0x00,
0x10, 0x10, 0x10, 0x11, 0x11, 0x11, 0x11, 0x11, 0x11, 0x11,
0x11, 0x19, 0x19, 0x19, 0x19, 0x19, 0x18, 0x18, 0x18, 0x18,
0x18, 0x18, 0x1A, 0x1A, 0x1A, 0x12, 0x16, 0x16, 0x14, 0x14,
0x14, 0x14, 0x14, 0x14, 0x14, 0x14, 0x14, 0x14, 0x14, 0x14,
0x14, 0x14, 0x14, 0x14, 0x14, 0x14, 0x14, 0x14, 0x14, 0x14,
0x14, 0x14, 0x14, 0x14, 0x14, 0x14, 0x14, 0x14, 0x14, 0x14,
0x1C, 0x18, 0x18, 0x18, 0x18, 0x18, 0x18, 0x18, 0x18, 0x18,
0x18, 0x18, 0x18, 0x18, 0x18, 0x18, 0x18, 0x18, 0x18, 0x18,
0x18, 0x18, 0x18, 0x18, 0x18, 0x18, 0x18, 0x1C, 0x1C, 0x14,
0x14, 0x14, 0x14, 0x14, 0x14, 0x14, 0x14, 0x14, 0x14, 0x14,
0x14, 0x14, 0x14, 0x14, 0x14, 0x14, 0x14, 0x16, 0x16, 0x16,
0x16, 0x16, 0x16, 0x16, 0x16, 0x16, 0x16, 0x1E, 0x18, 0x18,
0x18, 0x18, 0x18, 0x18, 0x18, 0x18, 0x18, 0x19, 0x19, 0x19,
0x19, 0x19, 0x19, 0x19, 0x19, 0x15, 0x14, 0x14, 0x14, 0x14,
0x14, 0x14, 0x14, 0x14, 0x14, 0x14, 0x14, 0x14, 0x14, 0x15,
0x19, 0x19, 0x19, 0x19, 0x19, 0x18, 0x10, 0x10, 0x10, 0x16,
0x16, 0x16, 0x16, 0x16, 0x12, 0x10, 0x10, 0x10, 0x10, 0x11,
0x11, 0x11, 0x11, 0x11, 0x18, 0x18, 0x18, 0x18, 0x18, 0x18,
0x18, 0x18, 0x18, 0x18, 0x18, 0x19, 0x19, 0x19, 0x19, 0x19,
0x19, 0x19, 0x19, 0x18, 0x18, 0x18, 0x18, 0x18, 0x18, 0x1C,
0x1C, 0x14, 0x14, 0x14, 0x14, 0x14, 0x14, 0x14, 0x14, 0x14,
0x16, 0x16, 0x16, 0x16, 0x16, 0x16, 0x14, 0x18, 0x18, 0x19,
0x19, 0x19, 0x19, 0x19, 0x19, 0x19, 0x10, 0x10, 0x10, 0x16,
0x16, 0x16, 0x16, 0x16, 0x16, 0x16, 0x16, 0x16, 0x16, 0x16,
0x16, 0x16, 0x16, 0x16, 0x16, 0x16, 0x16, 0x16, 0x16, 0x16,
0x14, 0x14, 0x14, 0x14, 0x14, 0x14, 0x1C, 0x18, 0x18, 0x18,
0x18, 0x18, 0x18, 0x18, 0x18, 0x18, 0x18, 0x18, 0x18, 0x18,
0x18, 0x18, 0x18, 0x18, 0x18, 0x18, 0x18, 0x18, 0x18, 0x18,
0x18, 0x18, 0x18, 0x18, 0x18, 0x18, 0x18, 0x18, 0x18, 0x18,
0x18, 0x19, 0x19, 0x19, 0x19, 0x19, 0x15, 0x15, 0x14, 0x14,
0x14, 0x14, 0x14, 0x14, 0x14, 0x14, 0x14, 0x14, 0x14, 0x14,
0x14, 0x14, 0x14, 0x14, 0x14, 0x14, 0x14, 0x14, 0x16, 0x16,
0x16, 0x1A, 0x1A, 0x1A, 0x18, 0x18, 0x18, 0x18, 0x18, 0x19,
0x19, 0x11, 0x11, 0x11, 0x14, 0x14, 0x14, 0x14, 0x14, 0x15,
0x15, 0x15, 0x15, 0x15, 0x15, 0x15, 0x15, 0x15, 0x15, 0x11,
0x18, 0x18, 0x18, 0x18, 0x18, 0x18, 0x18, 0x12, 0x12, 0x12,
0x12, 0x12, 0x12, 0x12, 0x12, 0x1A, 0x18, 0x18, 0x1A, 0x1A,
0x1A, 0x1A, 0x1A, 0x1A, 0x1A, 0x1A, 0x1A, 0x1A, 0x18, 0x18,
0x18, 0x18, 0x18, 0x18, 0x18, 0x18, 0x18, 0x18, 0x18, 0x18,
0x18, 0x18, 0x1C, 0x15, 0x15, 0x15, 0x15, 0x11, 0x11, 0x11,
0x11, 0x11, 0x11, 0x11, 0x11, 0x15, 0x15, 0x15, 0x15, 0x15,
0x14, 0x14, 0x14, 0x14, 0x14, 0x14, 0x14, 0x14, 0x16, 0x16,
0x16, 0x16, 0x16, 0x16, 0x16, 0x16, 0x16, 0x16, 0x16, 0x16,
0x16, 0x16, 0x16, 0x12, 0x18, 0x18, 0x18, 0x18, 0x19, 0x19,
0x19, 0x19, 0x19, 0x19, 0x19, 0x19, 0x19, 0x19, 0x14, 0x14,
0x14, 0x14, 0x14, 0x14, 0x14, 0x14, 0x14, 0x14, 0x14, 0x14,
0x1C, 0x1C, 0x18, 0x18, 0x18, 0x18, 0x18, 0x18, 0x18, 0x18,
0x18, 0x18, 0x18, 0x18, 0x18, 0x18, 0x18, 0x18, 0x18, 0x18,
0x18, 0x18, 0x18, 0x18, 0x18, 0x18, 0x18, 0x18, 0x18, 0x18,
0x18, 0x19, 0x19, 0x11, 0x11, 0x11, 0x15, 0x15, 0x15, 0x14,
0x14, 0x14, 0x14, 0x14, 0x14, 0x16, 0x16, 0x16, 0x16, 0x16,
0x16, 0x16, 0x16, 0x1E, 0x1C, 0x18, 0x18, 0x19, 0x19, 0x19,
0x19, 0x19, 0x19, 0x19, 0x19, 0x19, 0x19, 0x10, 0x10, 0x10,
0x10, 0x16, 0x12, 0x16, 0x16, 0x16, 0x16, 0x16, 0x16, 0x16,
0x16, 0x16, 0x16, 0x16, 0x16, 0x16, 0x16, 0x16, 0x16, 0x16,
0x14, 0x14, 0x14, 0x11, 0x11, 0x11, 0x11, 0x11, 0x11, 0x11,
0x19, 0x19, 0x19, 0x19, 0x19, 0x18, 0x18, 0x18, 0x18, 0x18,
0x18, 0x18, 0x18, 0x18, 0x18, 0x18, 0x18, 0x18, 0x18, 0x18,
0x18, 0x18, 0x18, 0x18, 0x18, 0x18, 0x18, 0x18, 0x18, 0x1A,
0x1A, 0x1A, 0x12, 0x12, 0x12, 0x16, 0x16, 0x16, 0x16, 0x16,
0x14, 0x14, 0x14, 0x14, 0x14, 0x14, 0x14, 0x14, 0x14, 0x14,
0x15, 0x15, 0x15, 0x15, 0x15, 0x15, 0x15, 0x15, 0x15, 0x14,
0x14, 0x14, 0x14, 0x14, 0x14, 0x18, 0x18, 0x18, 0x18, 0x18,
0x18, 0x18, 0x18, 0x18, 0x18, 0x18, 0x18, 0x1C, 0x1C, 0x14,
0x14, 0x14, 0x14, 0x14, 0x15, 0x15, 0x11, 0x11, 0x19, 0x19,
0x19, 0x19, 0x19, 0x19, 0x19, 0x19, 0x19, 0x18, 0x18, 0x18,
0x18, 0x18, 0x18, 0x1A, 0x1A, 0x1A, 0x12, 0x12, 0x12, 0x12,
0x12, 0x12, 0x12, 0x12, 0x12, 0x12, 0x16, 0x16, 0x16, 0x14,
0x14, 0x14, 0x14, 0x14, 0x14, 0x14, 0x14, 0x14, 0x14, 0x14,
0x14, 0x14, 0x14, 0x14, 0x14, 0x14, 0x14, 0x14, 0x14, 0x14,
0x1C, 0x18, 0x18, 0x18, 0x18, 0x18, 0x19, 0x19, 0x19, 0x19,
0x11, 0x11, 0x11, 0x11, 0x11, 0x11, 0x11, 0x10, 0x10, 0x12,
0x1A, 0x1A, 0x1A, 0x1A, 0x1A, 0x1A, 0x1A, 0x1A, 0x1A, 0x1A,
0x1A, 0x1A, 0x1A, 0x1A, 0x1A, 0x1A, 0x18, 0x18, 0x18, 0x18,
0x18, 0x18, 0x18, 0x18, 0x18, 0x1C, 0x1C, 0x14, 0x14, 0x14,
0x14, 0x14, 0x14, 0x14, 0x14, 0x14, 0x14, 0x14, 0x14, 0x14,
0x14, 0x14, 0x14, 0x14, 0x14, 0x14, 0x14, 0x14, 0x14, 0x14,
0x15, 0x15, 0x1D, 0x19, 0x18, 0x18, 0x18, 0x18, 0x18, 0x18,
0x18, 0x18, 0x18, 0x18, 0x18, 0x18, 0x18, 0x18, 0x18, 0x18,
0x18, 0x18, 0x18, 0x18, 0x18, 0x18, 0x18, 0x18, 0x18, 0x18,
0x19, 0x19, 0x19, 0x15, 0x14, 0x14, 0x14, 0x16, 0x16, 0x12,
0x12, 0x12, 0x12, 0x12, 0x12, 0x12, 0x12, 0x16, 0x16, 0x14,
0x14, 0x14, 0x14, 0x14, 0x14, 0x14, 0x14, 0x14, 0x14, 0x14,
0x14, 0x14, 0x10, 0x10, 0x10, 0x10, 0x10, 0x10, 0x10, 0x10,
0x10, 0x10, 0x10, 0x11, 0x11, 0x11, 0x15, 0x15, 0x15, 0x15,
0x15, 0x15, 0x15, 0x15, 0x15, 0x15, 0x14, 0x14, 0x14, 0x14,
0x14, 0x14, 0x14, 0x1C, 0x1C, 0x18, 0x18, 0x18, 0x18, 0x18,
0x18, 0x18, 0x18, 0x18, 0x18, 0x18, 0x18, 0x18, 0x18, 0x18,
0x18, 0x18, 0x18, 0x18, 0x18, 0x18, 0x18, 0x18, 0x18, 0x18,
0x18, 0x18, 0x18, 0x18, 0x18, 0x1C, 0x1C, 0x14, 0x14, 0x14,
0x14, 0x14, 0x14, 0x14, 0x14, 0x14, 0x14, 0x14, 0x14, 0x14,
0x14, 0x14, 0x14, 0x14, 0x14, 0x14, 0x14, 0x14, 0x14, 0x16,
0x16, 0x16, 0x12, 0x12, 0x12, 0x12, 0x1A, 0x1A, 0x1A, 0x18,
0x18, 0x18, 0x18, 0x18, 0x18, 0x19, 0x19, 0x19, 0x19, 0x19,
0x19, 0x19, 0x19, 0x19, 0x19, 0x14, 0x14, 0x14, 0x14, 0x14,
0x14, 0x14, 0x16, 0x16, 0x12, 0x1A, 0x1A, 0x1A, 0x18, 0x18,
0x18, 0x18, 0x19, 0x19, 0x19, 0x14, 0x14, 0x14, 0x14, 0x14,
0x14, 0x15, 0x15, 0x11, 0x11, 0x11, 0x11, 0x10, 0x00, 0x00,
0x00, 0x00, 0x00, 0x00, 0x04, 0x04, 0x04, 0x04, 0x04, 0x04,
0x05, 0x05, 0x01, 0x01, 0x01, 0x01, 0x01, 0x00, 0x00, 0x00,
0x02, 0x02, 0x0A, 0x0A, 0x0A, 0x0A, 0x0A, 0x0A, 0x0A, 0x0A,
0x0A, 0x0A, 0x0A, 0x0A, 0x02, 0x02, 0x02, 0x02, 0x06, 0x06,
0x06, 0x06, 0x06, 0x06, 0x04, 0x04, 0x04, 0x05, 0x01, 0x01,
0x01, 0x01, 0x01, 0x11, 0x11, 0x19, 0x19, 0x19, 0x18, 0x18,
0x18, 0x18, 0x18, 0x18, 0x18, 0x1A, 0x1A, 0x16, 0x16, 0x14,
0x14, 0x14, 0x14, 0x14, 0x14, 0x14, 0x14, 0x14, 0x14, 0x16,
0x12, 0x12, 0x12, 0x12, 0x1A, 0x1A, 0x1A, 0x1A, 0x18, 0x18,
0x18, 0x18, 0x18, 0x18, 0x18, 0x18, 0x18, 0x18, 0x18, 0x14,
0x14, 0x14, 0x14, 0x14, 0x14, 0x14, 0x14, 0x15, 0x15, 0x11,
0x11, 0x11, 0x11, 0x11, 0x11, 0x11, 0x19, 0x19, 0x19, 0x19,
0x19, 0x18, 0x18, 0x1A, 0x1A, 0x12, 0x16, 0x16, 0x16, 0x14,
0x14, 0x14, 0x14, 0x14, 0x14, 0x15, 0x11, 0x11, 0x11, 0x19,
0x18, 0x18, 0x18, 0x1A, 0x1A, 0x1A, 0x12, 0x12, 0x12, 0x12,
0x16, 0x16, 0x16, 0x16, 0x16, 0x14, 0x14, 0x14, 0x11, 0x11,
0x11, 0x11, 0x11, 0x10, 0x10, 0x10, 0x10, 0x12, 0x12, 0x12,
0x12, 0x1A, 0x1A, 0x1A, 0x10, 0x10, 0x14, 0x14, 0x14, 0x14,
0x18, 0x18, 0x18, 0x18, 0x18, 0x18, 0x18, 0x18, 0x14, 0x14,
0x14, 0x14, 0x14, 0x14, 0x14, 0x14, 0x10, 0x10, 0x10, 0x10,
0x10, 0x10, 0x10, 0x10, 0x18, 0x18, 0x18, 0x18, 0x18, 0x18,
0x18, 0x18, 0x18, 0x18, 0x18, 0x18, 0x18, 0x18, 0x18, 0x18,
0x18, 0x18, 0x18, 0x1C, 0x1C, 0x14, 0x14, 0x14, 0x14, 0x14,
0x14, 0x14, 0x14, 0x14, 0x14, 0x14, 0x14, 0x14, 0x14, 0x14,
0x14, 0x14, 0x14, 0x14, 0x14, 0x14, 0x14, 0x14, 0x14, 0x14,
0x14, 0x14, 0x14, 0x14, 0x14, 0x14, 0x14, 0x1C, 0x18, 0x18,
0x18, 0x18, 0x18, 0x18, 0x18, 0x18, 0x18, 0x18, 0x18, 0x18,
0x18, 0x18, 0x18, 0x18, 0x18, 0x18, 0x18, 0x18, 0x18, 0x18,
0x18, 0x18, 0x18, 0x18, 0x18, 0x18, 0x18, 0x18, 0x1C, 0x1C,
0x14, 0x14, 0x14, 0x14, 0x14, 0x14, 0x14, 0x14, 0x14, 0x14,
0x14, 0x14, 0x14, 0x14, 0x14, 0x14, 0x14, 0x14, 0x14, 0x14,
0x14, 0x14, 0x14, 0x14, 0x14, 0x14, 0x14, 0x14, 0x14, 0x14,
0x11, 0x11, 0x11, 0x11, 0x01, 0x01, 0x01, 0x01, 0x01, 0x09,
0x09, 0x09, 0x09, 0x09, 0x09, 0x08, 0x08, 0x08, 0x08, 0x08,
0x08, 0x08, 0x08, 0x08, 0x08, 0x08, 0x08, 0x08, 0x08, 0x08,
0x08, 0x08, 0x08, 0x08, 0x08, 0x08, 0x08, 0x08, 0x08, 0x0A,
0x02, 0x02, 0x02, 0x02, 0x06, 0x06, 0x06, 0x04, 0x04, 0x04,
0x04, 0x04, 0x04, 0x04, 0x04, 0x04, 0x04, 0x04, 0x04, 0x04,
0x04, 0x04, 0x04, 0x04, 0x05, 0x05, 0x01, 0x01, 0x01, 0x01,
0x01, 0x01, 0x01, 0x09, 0x09, 0x09, 0x08, 0x08, 0x08, 0x08,
0x08, 0x08, 0x0A, 0x0A, 0x0A, 0x02, 0x02, 0x02, 0x06, 0x06,
0x06, 0x04, 0x04, 0x04, 0x04, 0x04, 0x05, 0x05, 0x05, 0x01,
0x01, 0x01, 0x01, 0x01, 0x01, 0x01, 0x09, 0x09, 0x09, 0x08,
0x08, 0x08, 0x08, 0x08, 0x08, 0x0A, 0x0A, 0x0A, 0x0A, 0x0A,
0x0A, 0x02, 0x02, 0x02, 0x02, 0x06, 0x06, 0x06, 0x06, 0x06,
0x04, 0x04, 0x04, 0x04, 0x04, 0x05, 0x05, 0x05, 0x01, 0x01,
0x01, 0x01, 0x01, 0x01, 0x01, 0x01, 0x09, 0x09, 0x18, 0x18,
0x18, 0x18, 0x1A, 0x1A, 0x1A, 0x1A, 0x1A, 0x1A, 0x1A, 0x1A,
0x1A, 0x1A, 0x1A, 0x1A, 0x1A, 0x1A, 0x1A, 0x1A, 0x18, 0x1C,
0x14, 0x14, 0x14, 0x14, 0x14, 0x14, 0x15, 0x15, 0x15, 0x15,
0x15, 0x11, 0x15, 0x15, 0x15, 0x15, 0x15, 0x15, 0x14, 0x14,
0x14, 0x14, 0x14, 0x14, 0x16, 0x16, 0x16, 0x12, 0x12, 0x12,
0x12, 0x12, 0x1A, 0x1A, 0x18, 0x18, 0x18, 0x18, 0x1C, 0x14,
0x14, 0x14, 0x14, 0x14, 0x14, 0x14, 0x14, 0x14, 0x14, 0x14,
0x14, 0x14, 0x14, 0x14, 0x14, 0x14, 0x1C, 0x18, 0x18, 0x18,
0x18, 0x18, 0x18, 0x18, 0x18, 0x18, 0x18, 0x18, 0x18, 0x18,
0x18, 0x18, 0x18, 0x18, 0x18, 0x18, 0x18, 0x18, 0x18, 0x18,
0x18, 0x18, 0x18, 0x18, 0x18, 0x18, 0x18, 0x1C, 0x1C, 0x14,
0x14, 0x14, 0x14, 0x14, 0x14, 0x14, 0x14, 0x14, 0x14, 0x14,
0x14, 0x14, 0x14, 0x14, 0x14, 0x14, 0x14, 0x14, 0x14, 0x14,
0x11, 0x11, 0x11, 0x11, 0x10, 0x10, 0x18, 0x18, 0x18, 0x18,
0x12, 0x12, 0x12, 0x12, 0x12, 0x12, 0x12, 0x12, 0x12, 0x12,
0x12, 0x10, 0x10, 0x10, 0x10, 0x15, 0x15, 0x15, 0x11, 0x15,
0x15, 0x15, 0x15, 0x15, 0x15, 0x15, 0x11, 0x10, 0x10, 0x10,
0x18, 0x18, 0x18, 0x18, 0x10, 0x10, 0x10, 0x10, 0x10, 0x10,
0x10, 0x10, 0x18, 0x18, 0x18, 0x18, 0x18, 0x18, 0x18, 0x18,
0x18, 0x18, 0x18, 0x18, 0x18, 0x18, 0x18, 0x18, 0x18, 0x18,
0x18, 0x18, 0x18, 0x18, 0x1C, 0x1C, 0x14, 0x14, 0x14, 0x14,
0x14, 0x14, 0x14, 0x14, 0x14, 0x14, 0x14, 0x14, 0x14, 0x14,
0x14, 0x14, 0x14, 0x14, 0x14, 0x14, 0x14, 0x14, 0x14, 0x14,
0x14, 0x14, 0x14, 0x14, 0x18, 0x18, 0x18, 0x18, 0x18, 0x18,
0x18, 0x1A, 0x1A, 0x1A, 0x1A, 0x1A, 0x1A, 0x1A, 0x1A, 0x18,
0x18, 0x18, 0x18, 0x18, 0x18, 0x18, 0x18, 0x18, 0x18, 0x18,
0x18, 0x18, 0x18, 0x19, 0x19, 0x19, 0x19, 0x19, 0x19, 0x19,
0x11, 0x11, 0x11, 0x11, 0x11, 0x11, 0x15, 0x15, 0x14, 0x14,
0x14, 0x14, 0x14, 0x14, 0x14, 0x14, 0x14, 0x14, 0x14, 0x14,
0x14, 0x14, 0x14, 0x14, 0x14, 0x14, 0x14, 0x14, 0x16, 0x16,
0x16, 0x16, 0x16, 0x16, 0x16, 0x16, 0x16, 0x16, 0x1E, 0x1A,
0x18, 0x18, 0x18, 0x18, 0x18, 0x18, 0x18, 0x18, 0x18, 0x18,
0x18, 0x18, 0x18, 0x18, 0x18, 0x18, 0x18, 0x18, 0x18, 0x18,
0x18, 0x18, 0x18, 0x18, 0x18, 0x18, 0x18, 0x1C, 0x1C, 0x14,
0x14, 0x14, 0x14, 0x14, 0x15, 0x15, 0x15, 0x15, 0x15, 0x15,
0x15, 0x15, 0x15, 0x14, 0x14, 0x14, 0x14, 0x14, 0x14, 0x14,
0x14, 0x14, 0x14, 0x14, 0x14, 0x14, 0x14, 0x10, 0x12, 0x12,
0x12, 0x1A, 0x1A, 0x1A, 0x1A, 0x1A, 0x1A, 0x1A, 0x18, 0x18,
0x18, 0x18, 0x18, 0x18, 0x18, 0x19, 0x19, 0x19, 0x19, 0x15,
0x15, 0x15, 0x14, 0x14, 0x14, 0x14, 0x14, 0x15, 0x15, 0x19,
0x19, 0x19, 0x19, 0x18, 0x18, 0x18, 0x18, 0x18, 0x18, 0x18,
0x18, 0x18, 0x1A, 0x1A, 0x1A, 0x1A, 0x1E, 0x16, 0x14, 0x14,
0x14, 0x14, 0x14, 0x14, 0x14, 0x14, 0x14, 0x14, 0x14, 0x14,
0x14, 0x14, 0x14, 0x14, 0x14, 0x14, 0x14, 0x16, 0x16, 0x16,
0x16, 0x12, 0x12, 0x1A, 0x1A, 0x1A, 0x18, 0x18, 0x18, 0x18,
0x18, 0x18, 0x18, 0x18, 0x18, 0x18, 0x18, 0x18, 0x18, 0x18,
0x18, 0x19, 0x19, 0x19, 0x19, 0x19, 0x19, 0x19, 0x19, 0x19,
0x19, 0x19, 0x19, 0x19, 0x1C, 0x14, 0x14, 0x14, 0x14, 0x14,
0x14, 0x16, 0x16, 0x16, 0x16, 0x16, 0x16, 0x16, 0x16, 0x16,
0x16, 0x16, 0x16, 0x14, 0x14, 0x14, 0x15, 0x15, 0x15, 0x11,
0x11, 0x19, 0x19, 0x19, 0x18, 0x18, 0x18, 0x18, 0x18, 0x18,
0x18, 0x18, 0x1A, 0x1A, 0x1A, 0x1A, 0x18, 0x18, 0x18, 0x18,
0x18, 0x18, 0x18, 0x1C, 0x14, 0x14, 0x14, 0x14, 0x14, 0x15,
0x15, 0x15, 0x15, 0x15, 0x15, 0x15, 0x15, 0x15, 0x15, 0x14,
0x14, 0x14, 0x14, 0x14, 0x16, 0x16, 0x16, 0x16, 0x16, 0x16,
0x16, 0x12, 0x1A, 0x1A, 0x1A, 0x18, 0x18, 0x18, 0x18, 0x18,
0x18, 0x18, 0x18, 0x18, 0x18, 0x18, 0x18, 0x18, 0x18, 0x18,
0x18, 0x18, 0x18, 0x18, 0x18, 0x19, 0x19, 0x19, 0x19, 0x11,
0x15, 0x15, 0x14, 0x14, 0x14, 0x14, 0x14, 0x14, 0x14, 0x14,
0x16, 0x16, 0x16, 0x16, 0x16, 0x16, 0x16, 0x14, 0x14, 0x14,
0x14, 0x15, 0x15, 0x15, 0x11, 0x11, 0x11, 0x19, 0x19, 0x18,
0x18, 0x18, 0x18, 0x18, 0x18, 0x18, 0x18, 0x1A, 0x1A, 0x1A,
0x1A, 0x1A, 0x1A, 0x1A, 0x1A, 0x1A, 0x1A, 0x1A, 0x18, 0x1C,
0x14, 0x14, 0x14, 0x14, 0x15, 0x15, 0x15, 0x15, 0x15, 0x19,
0x19, 0x19, 0x18, 0x18, 0x18, 0x18, 0x18, 0x18, 0x18, 0x18,
0x1A, 0x1A, 0x12, 0x16, 0x16, 0x14, 0x14, 0x14, 0x14, 0x14,
0x15, 0x15, 0x15, 0x15, 0x15, 0x15, 0x15, 0x15, 0x15, 0x14,
0x14, 0x14, 0x14, 0x14, 0x14, 0x14, 0x16, 0x16, 0x16, 0x16,
0x16, 0x16, 0x16, 0x16, 0x16, 0x16, 0x16, 0x16, 0x16, 0x14,
0x1C, 0x18, 0x18, 0x18, 0x18, 0x18, 0x18, 0x18, 0x18, 0x18,
0x18, 0x18, 0x19, 0x19, 0x19, 0x19, 0x19, 0x19, 0x19, 0x19,
0x19, 0x19, 0x19, 0x18, 0x18, 0x18, 0x18, 0x18, 0x18, 0x18,
0x18, 0x1A, 0x1A, 0x1A, 0x16, 0x16, 0x16, 0x14, 0x14, 0x14,
0x14, 0x14, 0x14, 0x14, 0x14, 0x14, 0x14, 0x14, 0x14, 0x14,
0x14, 0x14, 0x15, 0x15, 0x15, 0x15, 0x11, 0x11, 0x11, 0x11,
0x11, 0x11, 0x11, 0x19, 0x19, 0x18, 0x18, 0x18, 0x18, 0x1A,
0x1A, 0x1A, 0x1A, 0x1A, 0x1A, 0x1A, 0x1A, 0x1A, 0x1A, 0x1A,
0x1A, 0x1A, 0x1A, 0x1A, 0x18, 0x18, 0x18, 0x18, 0x19, 0x19,
0x19, 0x15, 0x15, 0x14, 0x14, 0x14, 0x14, 0x14, 0x14, 0x16,
0x16, 0x16, 0x16, 0x16, 0x16, 0x16, 0x16, 0x14, 0x14, 0x14,
0x14, 0x15, 0x15, 0x15, 0x15, 0x15, 0x15, 0x15, 0x19, 0x19,
0x19, 0x19, 0x18, 0x18, 0x18, 0x18, 0x1A, 0x1A, 0x1A, 0x1A,
0x1A, 0x1A, 0x1A, 0x1E, 0x14, 0x14, 0x14, 0x15, 0x15, 0x15,
0x15, 0x15, 0x15, 0x15, 0x15, 0x15, 0x15, 0x15, 0x15, 0x15,
0x15, 0x14, 0x14, 0x14, 0x14, 0x14, 0x14, 0x16, 0x16, 0x16,
0x16, 0x16, 0x16, 0x12, 0x12, 0x1A, 0x1A, 0x1A, 0x1A, 0x18,
0x18, 0x18, 0x18, 0x19, 0x19, 0x11, 0x11, 0x11, 0x11, 0x11,
0x11, 0x11, 0x11, 0x11, 0x11, 0x11, 0x15, 0x15, 0x15, 0x15,
0x15, 0x14, 0x14, 0x14, 0x14, 0x14, 0x16, 0x16, 0x12, 0x12,
0x12, 0x12, 0x12, 0x12, 0x12, 0x12, 0x12, 0x12, 0x12, 0x12,
0x12, 0x12, 0x18, 0x18, 0x18, 0x19, 0x19, 0x19, 0x19, 0x19,
0x19, 0x19, 0x19, 0x18, 0x18, 0x18, 0x18, 0x1C, 0x1C, 0x14,
0x14, 0x14, 0x14, 0x14, 0x14, 0x14, 0x14, 0x14, 0x14, 0x14,
0x14, 0x15, 0x15, 0x15, 0x15, 0x15, 0x11, 0x11, 0x10, 0x10,
0x10, 0x12, 0x12, 0x1A, 0x1A, 0x1A, 0x1A, 0x1A, 0x1A, 0x1A,
0x1A, 0x1A, 0x18, 0x18, 0x18, 0x18, 0x19, 0x11, 0x11, 0x11,
0x11, 0x11, 0x11, 0x11, 0x11, 0x10, 0x14, 0x16, 0x16, 0x16,
0x16, 0x16, 0x16, 0x12, 0x12, 0x12, 0x12, 0x12, 0x1A, 0x1A,
0x1A, 0x18, 0x18, 0x18, 0x18, 0x19, 0x19, 0x15, 0x15, 0x14,
0x14, 0x14, 0x10, 0x10, 0x10, 0x10, 0x10, 0x10, 0x10, 0x11,
0x11, 0x11, 0x18, 0x18, 0x18, 0x18, 0x18, 0x18, 0x18, 0x18,
0x18, 0x18, 0x18, 0x18, 0x18, 0x1C, 0x1C, 0x14, 0x14, 0x14,
0x14, 0x14, 0x14, 0x14, 0x14, 0x14, 0x14, 0x14, 0x14, 0x16,
0x16, 0x16, 0x12, 0x12, 0x1A, 0x1A, 0x18, 0x18, 0x18, 0x18,
0x18, 0x18, 0x18, 0x18, 0x18, 0x18, 0x18, 0x18, 0x18, 0x18,
0x18, 0x18, 0x18, 0x18, 0x18, 0x18, 0x18, 0x19, 0x19, 0x19,
0x19, 0x19, 0x11, 0x11, 0x11, 0x11, 0x15, 0x15, 0x14, 0x14,
0x14, 0x14, 0x14, 0x14, 0x14, 0x14, 0x14, 0x14, 0x14, 0x14,
0x14, 0x14, 0x14, 0x14, 0x14, 0x14, 0x14, 0x14, 0x14, 0x14,
0x14, 0x14, 0x14, 0x14, 0x14, 0x14, 0x14, 0x14, 0x14, 0x14,
0x16, 0x16, 0x16, 0x16, 0x12, 0x1A, 0x1A, 0x1A, 0x1A, 0x18,
0x18, 0x18, 0x18, 0x18, 0x18, 0x18, 0x18, 0x18, 0x18, 0x18,
0x18, 0x18, 0x18, 0x18, 0x18, 0x18, 0x18, 0x18, 0x18, 0x18,
0x18, 0x18, 0x18, 0x18, 0x18, 0x18, 0x18, 0x19, 0x19, 0x19,
0x15, 0x14, 0x14, 0x14, 0x14, 0x14, 0x14, 0x14, 0x14, 0x14,
0x14, 0x14, 0x14, 0x16, 0x16, 0x16, 0x16, 0x16, 0x16, 0x16,
0x14, 0x14, 0x18, 0x18, 0x18, 0x18, 0x18, 0x18, 0x18, 0x18,
0x18, 0x18, 0x18, 0x18, 0x18, 0x1C, 0x1C, 0x14, 0x14, 0x14,
0x14, 0x14, 0x14, 0x14, 0x14, 0x14, 0x14, 0x14, 0x14, 0x14,
0x14, 0x14, 0x16, 0x16, 0x16, 0x16, 0x16, 0x1E, 0x1A, 0x1A,
0x18, 0x18, 0x18, 0x18, 0x18, 0x18, 0x18, 0x18, 0x18, 0x18,
0x18, 0x18, 0x18, 0x18, 0x18, 0x19, 0x19, 0x19, 0x19, 0x19,
0x19, 0x19, 0x19, 0x19, 0x19, 0x19, 0x19, 0x15, 0x14, 0x14,
0x14, 0x14, 0x14, 0x14, 0x14, 0x14, 0x14, 0x14, 0x14, 0x14,
0x14, 0x14, 0x14, 0x14, 0x14, 0x14, 0x14, 0x14, 0x14, 0x14,
0x14, 0x14, 0x14, 0x14, 0x10, 0x10, 0x10, 0x00, 0x00, 0x00,
0x00, 0x00, 0x08, 0x08, 0x08, 0x08, 0x08, 0x08, 0x08, 0x08,
0x08, 0x08, 0x08, 0x08, 0x08, 0x08, 0x08, 0x08, 0x08, 0x08,
0x08, 0x08, 0x09, 0x09, 0x01, 0x01, 0x01, 0x01, 0x01, 0x01,
0x01, 0x01, 0x01, 0x05, 0x04, 0x04, 0x04, 0x04, 0x04, 0x06,
0x06, 0x02, 0x02, 0x02, 0x02, 0x02, 0x02, 0x02, 0x02, 0x02,
0x02, 0x02, 0x02, 0x02, 0x02, 0x00, 0x00, 0x00, 0x00, 0x00,
0x00, 0x00, 0x00, 0x00, 0x00, 0x00, 0x00, 0x00, 0x00, 0x00,
0x00, 0x00, 0x00, 0x00, 0x00, 0x00, 0x00, 0x00, 0x00, 0x00,
0x00, 0x01, 0x01, 0x01, 0x01, 0x01, 0x01, 0x00, 0x08, 0x08,
0x08, 0x08, 0x08, 0x08, 0x08, 0x08, 0x08, 0x08, 0x08, 0x08,
0x08, 0x08, 0x08, 0x08, 0x08, 0x08, 0x08, 0x08, 0x08, 0x00,
0x00, 0x00, 0x00, 0x00, 0x00, 0x00, 0x00, 0x00, 0x00, 0x00,
0x00, 0x00, 0x00, 0x00, 0x00, 0x00, 0x00, 0x00, 0x00, 0x00,
0x00, 0x00, 0x00, 0x00, 0x00, 0x02, 0x02, 0x02, 0x02, 0x02,
0x06, 0x06, 0x06, 0x06, 0x06, 0x06, 0x06, 0x06, 0x06, 0x04,
0x04, 0x04, 0x04, 0x04, 0x04, 0x04, 0x04, 0x04, 0x04, 0x04,
0x04, 0x04, 0x04, 0x04, 0x0C, 0x08, 0x08, 0x08, 0x08, 0x08,
0x08, 0x08, 0x08, 0x08, 0x08, 0x08, 0x08, 0x08, 0x08, 0x08,
0x08, 0x08, 0x08, 0x08, 0x08, 0x08, 0x08, 0x08, 0x08, 0x08,
0x08, 0x08, 0x08, 0x08, 0x00, 0x00, 0x04, 0x04, 0x04, 0x04,
0x04, 0x04, 0x00, 0x00, 0x00, 0x00, 0x00, 0x00, 0x00, 0x00,
0x00, 0x00, 0x00, 0x04, 0x04, 0x04, 0x04, 0x04, 0x04, 0x00,
0x00, 0x00, 0x00, 0x00, 0x00, 0x00, 0x00, 0x00, 0x00, 0x00,
0x00, 0x00, 0x00, 0x00, 0x00, 0x00, 0x00, 0x00, 0x00, 0x00,
0x00, 0x00, 0x00, 0x00, 0x00, 0x00, 0x00, 0x00, 0x00, 0x00,
0x00, 0x00, 0x00, 0x04, 0x04, 0x04, 0x04, 0x04, 0x04, 0x04,
0x04, 0x04, 0x04, 0x04, 0x04, 0x04, 0x04, 0x01, 0x01, 0x01,
0x09, 0x08, 0x08, 0x08, 0x08, 0x08, 0x0A, 0x0A, 0x0A, 0x0A,
0x0A, 0x0A, 0x1A, 0x1A, 0x1A, 0x1A, 0x1A, 0x1A, 0x18, 0x18,
0x10, 0x10, 0x19, 0x19, 0x19, 0x11, 0x11, 0x10, 0x10, 0x10,
0x10, 0x10, 0x10, 0x12, 0x12, 0x12, 0x12, 0x12, 0x12, 0x10,
0x10, 0x11, 0x11, 0x11, 0x11, 0x11, 0x11, 0x10, 0x10, 0x14,
0x14, 0x14, 0x14, 0x14, 0x14, 0x18, 0x18, 0x18, 0x18, 0x18,
0x18, 0x18, 0x18, 0x18, 0x18, 0x18, 0x18, 0x14, 0x14, 0x14,
0x14, 0x14, 0x14, 0x14, 0x14, 0x14, 0x14, 0x14, 0x14, 0x14,
0x14, 0x14, 0x14, 0x14, 0x14, 0x14, 0x14, 0x14, 0x14, 0x14,
0x14, 0x14, 0x14, 0x14, 0x14, 0x10, 0x10, 0x10, 0x10, 0x18,
0x18, 0x18, 0x18, 0x18, 0x18, 0x10, 0x14, 0x14, 0x14, 0x14,
0x14, 0x14, 0x14, 0x14, 0x18, 0x18, 0x18, 0x18, 0x18, 0x18,
0x18, 0x18, 0x18, 0x18, 0x18, 0x18, 0x18, 0x18, 0x18, 0x18,
0x1A, 0x1A, 0x1A, 0x1A, 0x1A, 0x1A, 0x1A, 0x1A, 0x1A, 0x1A,
0x18, 0x18, 0x18, 0x18, 0x18, 0x18, 0x18, 0x18, 0x18, 0x18,
0x18, 0x18, 0x18, 0x18, 0x18, 0x18, 0x18, 0x18, 0x18, 0x18,
0x1C, 0x14, 0x14, 0x14, 0x14, 0x14, 0x14, 0x14, 0x14, 0x14,
0x10, 0x10, 0x10, 0x00, 0x00, 0x00, 0x00, 0x00, 0x00, 0x00,
0x00, 0x00, 0x00, 0x00, 0x00, 0x00, 0x00, 0x00, 0x00, 0x00,
0x00, 0x00, 0x00, 0x00, 0x00, 0x00, 0x00, 0x00, 0x00, 0x00,
0x00, 0x00, 0x00, 0x00, 0x00, 0x00, 0x00, 0x00, 0x00, 0x00,
0x00, 0x00, 0x00, 0x00, 0x00, 0x00, 0x00, 0x00, 0x00, 0x00,
0x00, 0x00, 0x00, 0x00, 0x00, 0x00, 0x00, 0x00, 0x00, 0x00,
0x00, 0x00, 0x00, 0x00, 0x00, 0x00, 0x00, 0x00, 0x00, 0x00,
0x00, 0x00, 0x00, 0x00, 0x00, 0x00, 0x00, 0x00, 0x00, 0x00,
0x00, 0x00, 0x00, 0x00, 0x00, 0x00, 0x00, 0x00, 0x00, 0x00,
0x00, 0x00, 0x00, 0x00, 0x00, 0x00, 0x00, 0x00, 0x00, 0x00,
0x00, 0x00, 0x00, 0x00, 0x00, 0x00, 0x00, 0x00, 0x00, 0x00,
0x00, 0x00, 0x00, 0x00, 0x00, 0x00, 0x00, 0x00, 0x00, 0x00,
0x00, 0x00, 0x00, 0x00, 0x00, 0x00, 0x00, 0x00, 0x00, 0x00,
0x00, 0x00, 0x00, 0x00, 0x00, 0x00, 0x00, 0x00, 0x00, 0x00,
0x00, 0x00, 0x00, 0x00, 0x00, 0x00, 0x00, 0x00, 0x00, 0x00,
0x00, 0x00, 0x00, 0x00, 0x00, 0x00, 0x00, 0x00, 0x00, 0x00,
0x00, 0x00, 0x10, 0x10, 0x10, 0x10, 0x10, 0x18, 0x18, 0x18,
0x18, 0x18, 0x18, 0x18, 0x18, 0x18, 0x18, 0x18, 0x1C, 0x14,
0x14, 0x14, 0x14, 0x14, 0x14, 0x14, 0x14, 0x14, 0x14, 0x14,
0x14, 0x14, 0x14, 0x14, 0x14, 0x14, 0x14, 0x14, 0x14, 0x15,
0x15, 0x11, 0x11, 0x11, 0x11, 0x19, 0x19, 0x19, 0x19, 0x19,
0x19, 0x19, 0x19, 0x19, 0x19, 0x19, 0x19, 0x19, 0x19, 0x19,
0x19, 0x18, 0x14, 0x14, 0x14, 0x14, 0x14, 0x14, 0x14, 0x14,
0x16, 0x16, 0x16, 0x16, 0x12, 0x1A, 0x1A, 0x1A, 0x1A, 0x18,
0x18, 0x18, 0x18, 0x18, 0x18, 0x18, 0x18, 0x18, 0x18, 0x18,
0x18, 0x18, 0x18, 0x18, 0x1C, 0x1C, 0x14, 0x14, 0x14, 0x14,
0x14, 0x14, 0x14, 0x14, 0x14, 0x14, 0x14, 0x14, 0x14, 0x14,
0x14, 0x14, 0x16, 0x16, 0x12, 0x12, 0x12, 0x1A, 0x1A, 0x18,
0x18, 0x18, 0x18, 0x18, 0x18, 0x18, 0x14, 0x14, 0x14, 0x14,
0x14, 0x14, 0x14, 0x14, 0x14, 0x14, 0x14, 0x14, 0x14, 0x14,
0x14, 0x14, 0x14, 0x14, 0x14, 0x14, 0x14, 0x14, 0x14, 0x14,
0x14, 0x14, 0x1C, 0x18, 0x18, 0x18, 0x18, 0x18, 0x18, 0x18,
0x18, 0x18, 0x18, 0x18, 0x18, 0x18, 0x18, 0x18, 0x18, 0x18,
0x18, 0x14, 0x14, 0x14, 0x14, 0x14, 0x14, 0x14, 0x14, 0x14,
0x14, 0x18, 0x18, 0x18, 0x18, 0x18, 0x18, 0x18, 0x18, 0x18,
0x18, 0x18, 0x19, 0x19, 0x15, 0x15, 0x15, 0x15, 0x15, 0x15,
0x15, 0x15, 0x15, 0x15, 0x15, 0x15, 0x14, 0x14, 0x14, 0x14,
0x14, 0x14, 0x14, 0x10, 0x10, 0x10, 0x10, 0x10, 0x18, 0x18,
0x18, 0x1A, 0x1A, 0x18, 0x18, 0x18, 0x18, 0x18, 0x18, 0x18,
0x18, 0x18, 0x1A, 0x1A, 0x1A, 0x1A, 0x1A, 0x18, 0x18, 0x18,
0x18, 0x18, 0x18, 0x18, 0x18, 0x18, 0x18, 0x18, 0x1C, 0x14,
0x14, 0x14, 0x14, 0x14, 0x14, 0x14, 0x14, 0x15, 0x15, 0x15,
0x15, 0x15, 0x15, 0x15, 0x15, 0x11, 0x11, 0x11, 0x11, 0x11,
0x19, 0x19, 0x19, 0x18, 0x18, 0x18, 0x18, 0x10, 0x10, 0x10,
0x10, 0x10, 0x10, 0x12, 0x12, 0x12, 0x12, 0x12, 0x12, 0x12,
0x12, 0x12, 0x12, 0x12, 0x12, 0x12, 0x12, 0x12, 0x12, 0x12,
0x12, 0x12, 0x12, 0x16, 0x16, 0x16, 0x14, 0x14, 0x14, 0x14,
0x14, 0x14, 0x15, 0x11, 0x11, 0x11, 0x11, 0x11, 0x11, 0x15,
0x15, 0x15, 0x14, 0x14, 0x14, 0x14, 0x14, 0x14, 0x14, 0x14,
0x16, 0x16, 0x16, 0x16, 0x1A, 0x1A, 0x18, 0x18, 0x18, 0x18,
0x18, 0x18, 0x18, 0x18, 0x18, 0x18, 0x18, 0x18, 0x18, 0x18,
0x18, 0x18, 0x18, 0x18, 0x18, 0x18, 0x18, 0x18, 0x18, 0x18,
0x18, 0x18, 0x18, 0x18, 0x18, 0x1C, 0x1C, 0x14, 0x14, 0x14,
0x14, 0x14, 0x14, 0x14, 0x14, 0x14, 0x14, 0x14, 0x14, 0x14,
0x14, 0x14, 0x14, 0x14, 0x14, 0x14, 0x14, 0x14, 0x15, 0x11,
0x11, 0x19, 0x19, 0x19, 0x19, 0x19, 0x19, 0x19, 0x19, 0x19,
0x19, 0x19, 0x19, 0x19, 0x18, 0x18, 0x18, 0x18, 0x14, 0x14,
0x14, 0x14, 0x14, 0x14, 0x16, 0x12, 0x1A, 0x1A, 0x1A, 0x1A,
0x18, 0x18, 0x18, 0x18, 0x18, 0x18, 0x18, 0x18, 0x1C, 0x1C,
0x1C, 0x14, 0x14, 0x14, 0x14, 0x14, 0x14, 0x14, 0x14, 0x14,
0x14, 0x14, 0x14, 0x14, 0x14, 0x14, 0x14, 0x16, 0x16, 0x16,
0x16, 0x16, 0x16, 0x16, 0x16, 0x16, 0x16, 0x16, 0x16, 0x16,
0x16, 0x16, 0x14, 0x14, 0x14, 0x14, 0x14, 0x1C, 0x18, 0x19,
0x19, 0x19, 0x19, 0x18, 0x18, 0x18, 0x18, 0x18, 0x18, 0x18,
0x18, 0x18, 0x18, 0x18, 0x18, 0x18, 0x18, 0x18, 0x18, 0x18,
0x18, 0x18, 0x18, 0x10, 0x10, 0x10, 0x10, 0x10, 0x10, 0x10,
0x12, 0x12, 0x12, 0x12, 0x16, 0x16, 0x14, 0x14, 0x14, 0x11,
0x11, 0x11, 0x11, 0x11, 0x11, 0x11, 0x11, 0x11, 0x15, 0x15,
0x15, 0x14, 0x14, 0x14, 0x14, 0x14, 0x14, 0x14, 0x16, 0x16,
0x16, 0x16, 0x16, 0x16, 0x16, 0x16, 0x16, 0x16, 0x16, 0x16,
0x18, 0x18, 0x18, 0x18, 0x18, 0x18, 0x18, 0x18, 0x18, 0x19,
0x19, 0x19, 0x19, 0x19, 0x19, 0x19, 0x19, 0x19, 0x19, 0x19,
0x19, 0x19, 0x11, 0x11, 0x11, 0x11, 0x11, 0x11, 0x11, 0x11,
0x11, 0x11, 0x14, 0x14, 0x14, 0x14, 0x16, 0x16, 0x16, 0x16,
0x16, 0x16, 0x16, 0x16, 0x16, 0x16, 0x16, 0x16, 0x12, 0x18,
0x18, 0x18, 0x18, 0x18, 0x1A, 0x1A, 0x1A, 0x1A, 0x1A, 0x1A,
0x1A, 0x1A, 0x1A, 0x18, 0x18, 0x18, 0x18, 0x18, 0x18, 0x18,
0x18, 0x18, 0x18, 0x18, 0x19, 0x19, 0x19, 0x19, 0x11, 0x11,
0x11, 0x11, 0x11, 0x11, 0x11, 0x11, 0x10, 0x10, 0x10, 0x12,
0x12, 0x12, 0x12, 0x12, 0x12, 0x12, 0x12, 0x12, 0x10, 0x10,
0x10, 0x10, 0x10, 0x10, 0x11, 0x11, 0x11, 0x11, 0x11, 0x11,
0x11, 0x11, 0x11, 0x11, 0x11, 0x11, 0x15, 0x14, 0x14, 0x14,
0x14, 0x14, 0x14, 0x14, 0x14, 0x14, 0x14, 0x14, 0x14, 0x14,
0x14, 0x14, 0x14, 0x14, 0x14, 0x14, 0x14, 0x14, 0x14, 0x14,
0x14, 0x16, 0x16, 0x16, 0x16, 0x16, 0x16, 0x16, 0x16, 0x16,
0x12, 0x12, 0x12, 0x10, 0x10, 0x18, 0x19, 0x19, 0x19, 0x19,
0x19, 0x19, 0x19, 0x18, 0x18, 0x18, 0x18, 0x18, 0x18, 0x18,
0x18, 0x18, 0x18, 0x18, 0x18, 0x18, 0x18, 0x18, 0x18, 0x18,
0x18, 0x18, 0x18, 0x18, 0x18, 0x18, 0x18, 0x1C, 0x1C, 0x14,
0x14, 0x14, 0x14, 0x14, 0x14, 0x14, 0x14, 0x14, 0x14, 0x14,
0x14, 0x14, 0x14, 0x14, 0x14, 0x14, 0x14, 0x14, 0x14, 0x15,
0x15, 0x15, 0x15, 0x15, 0x15, 0x15, 0x15, 0x14, 0x14, 0x14,
0x16, 0x16, 0x16, 0x16, 0x12, 0x12, 0x1A, 0x1A, 0x18, 0x18,
0x18, 0x18, 0x18, 0x18, 0x18, 0x18, 0x18, 0x18, 0x18, 0x18,
0x18, 0x18, 0x18, 0x18, 0x18, 0x18, 0x18, 0x18, 0x1A, 0x1A,
0x1A, 0x1A, 0x1A, 0x1A, 0x1A, 0x1C, 0x14, 0x14, 0x14, 0x14,
0x14, 0x14, 0x14, 0x14, 0x14, 0x14, 0x14, 0x14, 0x14, 0x14,
0x14, 0x14, 0x14, 0x14, 0x15, 0x15, 0x15, 0x15, 0x15, 0x15,
0x15, 0x15, 0x15, 0x11, 0x19, 0x18, 0x18, 0x18, 0x18, 0x18,
0x18, 0x18, 0x18, 0x18, 0x18, 0x10, 0x10, 0x12, 0x12, 0x12,
0x12, 0x12, 0x12, 0x12, 0x12, 0x16, 0x16, 0x14, 0x14, 0x14,
0x15, 0x11, 0x11, 0x11, 0x11, 0x19, 0x19, 0x18, 0x18, 0x18,
0x18, 0x18, 0x18, 0x18, 0x18, 0x18, 0x18, 0x18, 0x18, 0x18,
0x18, 0x18, 0x18, 0x18, 0x18, 0x18, 0x18, 0x18, 0x18, 0x18,
0x18, 0x18, 0x18, 0x18, 0x18, 0x1A, 0x12, 0x12, 0x12, 0x12,
0x12, 0x16, 0x14, 0x14, 0x14, 0x15, 0x15, 0x15, 0x15, 0x15,
0x15, 0x15, 0x15, 0x14, 0x14, 0x14, 0x16, 0x16, 0x16, 0x12,
0x12, 0x12, 0x12, 0x12, 0x1A, 0x1A, 0x1A, 0x1A, 0x1A, 0x18,
0x18, 0x18, 0x18, 0x18, 0x18, 0x18, 0x18, 0x19, 0x19, 0x19,
0x19, 0x11, 0x11, 0x11, 0x10, 0x10, 0x10, 0x10, 0x11, 0x11,
0x11, 0x15, 0x15, 0x14, 0x14, 0x14, 0x14, 0x14, 0x14, 0x14,
0x14, 0x14, 0x10, 0x10, 0x10, 0x18, 0x18, 0x18, 0x18, 0x18,
0x18, 0x18, 0x19, 0x19, 0x19, 0x19, 0x19, 0x19, 0x11, 0x11,
0x11, 0x11, 0x11, 0x11, 0x11, 0x11, 0x10, 0x10, 0x10, 0x12,
0x12, 0x16, 0x16, 0x14, 0x16, 0x12, 0x12, 0x12, 0x12, 0x12,
0x12, 0x12, 0x12, 0x16, 0x16, 0x14, 0x14, 0x14, 0x14, 0x14,
0x14, 0x14, 0x14, 0x14, 0x14, 0x14, 0x16, 0x16, 0x16, 0x16,
0x16, 0x16, 0x14, 0x14, 0x14, 0x14, 0x14, 0x14, 0x14, 0x14,
0x14, 0x1C, 0x18, 0x18, 0x18, 0x18, 0x1A, 0x1A, 0x1A, 0x1A,
0x1A, 0x18, 0x18, 0x18, 0x18, 0x18, 0x18, 0x18, 0x18, 0x18,
0x18, 0x18, 0x18, 0x18, 0x18, 0x18, 0x1C, 0x14, 0x14, 0x14,
0x14, 0x14, 0x14, 0x14, 0x14, 0x14, 0x14, 0x14, 0x14, 0x14,
0x14, 0x14, 0x14, 0x15, 0x15, 0x15, 0x15, 0x11, 0x15, 0x15,
0x11, 0x11, 0x11, 0x11, 0x11, 0x19, 0x18, 0x18, 0x18, 0x18,
0x18, 0x18, 0x18, 0x18, 0x19, 0x19, 0x19, 0x19, 0x19, 0x18,
0x18, 0x18, 0x18, 0x18, 0x1C, 0x14, 0x14, 0x14, 0x16, 0x16,
0x16, 0x16, 0x16, 0x16, 0x16, 0x16, 0x14, 0x14, 0x14, 0x14,
0x1C, 0x18, 0x18, 0x18, 0x18, 0x18, 0x18, 0x18, 0x18, 0x18,
0x18, 0x18, 0x18, 0x18, 0x18, 0x18, 0x18, 0x18, 0x18, 0x18,
0x18, 0x18, 0x18, 0x1A, 0x1A, 0x1A, 0x1A, 0x1A, 0x1A, 0x1A,
0x1E, 0x16, 0x14, 0x14, 0x14, 0x14, 0x14, 0x14, 0x15, 0x15,
0x15, 0x15, 0x15, 0x15, 0x15, 0x15, 0x15, 0x15, 0x15, 0x11,
0x11, 0x19, 0x19, 0x19, 0x19, 0x18, 0x18, 0x18, 0x18, 0x1A,
0x1A, 0x1A, 0x1A, 0x1A, 0x12, 0x16, 0x16, 0x14, 0x14, 0x15,
0x15, 0x11, 0x11, 0x19, 0x19, 0x19, 0x19, 0x19, 0x19, 0x19,
0x15, 0x14, 0x14, 0x14, 0x15, 0x11, 0x11, 0x11, 0x10, 0x10,
0x10, 0x18, 0x1A, 0x1A, 0x1A, 0x1A, 0x1A, 0x1A, 0x1A, 0x1A,
0x1A, 0x1A, 0x1A, 0x1E, 0x1E, 0x16, 0x16, 0x16, 0x16, 0x16,
0x12, 0x12, 0x12, 0x12, 0x16, 0x16, 0x16, 0x14, 0x14, 0x15,
0x11, 0x11, 0x11, 0x11, 0x11, 0x11, 0x11, 0x10, 0x10, 0x10,
0x10, 0x10, 0x10, 0x11, 0x15, 0x15, 0x15, 0x11, 0x19, 0x18,
0x18, 0x18, 0x18, 0x18, 0x18, 0x18, 0x1A, 0x12, 0x12, 0x16,
0x14, 0x14, 0x14, 0x14, 0x14, 0x14, 0x16, 0x16, 0x16, 0x16,
0x16, 0x16, 0x12, 0x12, 0x12, 0x10, 0x10, 0x10, 0x10, 0x10,
0x10, 0x10, 0x10, 0x18, 0x18, 0x18, 0x18, 0x10, 0x10, 0x10,
0x10, 0x10, 0x10, 0x10, 0x10, 0x10, 0x10, 0x10, 0x10, 0x10,
0x10, 0x10, 0x10, 0x10, 0x10, 0x10, 0x10, 0x10, 0x10, 0x10,
0x10, 0x10, 0x10, 0x10, 0x10, 0x10, 0x10, 0x10, 0x10, 0x10,
0x10, 0x10, 0x11, 0x11, 0x11, 0x11, 0x10, 0x10, 0x10, 0x10,
0x10, 0x10, 0x10, 0x10, 0x10, 0x10, 0x10, 0x10, 0x10, 0x10,
0x12, 0x12, 0x12, 0x12, 0x10, 0x10, 0x10, 0x10, 0x10, 0x10,
0x10, 0x10, 0x10, 0x10, 0x10, 0x10, 0x10, 0x10, 0x10, 0x10,
0x10, 0x10, 0x10, 0x10, 0x10, 0x10, 0x10, 0x10, 0x10, 0x10,
0x10, 0x10, 0x10, 0x10, 0x10, 0x10, 0x10, 0x10, 0x10, 0x10,
0x10, 0x12, 0x12, 0x12, 0x12, 0x10, 0x10, 0x10, 0x10, 0x10,
0x10, 0x10, 0x10, 0x10, 0x10, 0x10, 0x10, 0x14, 0x14, 0x14,
0x10, 0x10, 0x10, 0x10, 0x10, 0x10, 0x10, 0x10, 0x10, 0x14,
0x14, 0x14, 0x14, 0x10, 0x10, 0x10, 0x14, 0x14, 0x10, 0x10,
0x10, 0x10, 0x10, 0x10, 0x10, 0x10, 0x10, 0x10, 0x10, 0x14,
0x14, 0x14, 0x14, 0x14, 0x10, 0x10, 0x10, 0x10, 0x18, 0x18,
0x18, 0x18, 0x10, 0x10, 0x10, 0x18, 0x10, 0x10, 0x10, 0x10,
0x10, 0x10, 0x18, 0x18, 0x18, 0x18, 0x10, 0x10, 0x10, 0x10,
0x10, 0x10, 0x10, 0x10, 0x10, 0x10, 0x10, 0x10, 0x10, 0x10,
0x10, 0x10, 0x10, 0x10, 0x10, 0x10, 0x10, 0x10, 0x18, 0x18,
0x18, 0x10, 0x10, 0x10, 0x10, 0x10, 0x10, 0x14, 0x14, 0x10,
0x10, 0x10, 0x10, 0x10, 0x10, 0x10, 0x10, 0x10, 0x10, 0x10,
0x10, 0x10, 0x10, 0x10, 0x10, 0x10, 0x10, 0x10, 0x10, 0x10,
0x10, 0x00, 0x00, 0x00, 0x00, 0x00, 0x00, 0x00, 0x00, 0x00,
0x00, 0x00, 0x00, 0x00, 0x00, 0x00, 0x00, 0x00, 0x00, 0x00,
0x00, 0x00, 0x00, 0x00, 0x00, 0x00, 0x00, 0x00, 0x00, 0x00,
0x00, 0x00, 0x00, 0x00, 0x00, 0x00, 0x00, 0x00, 0x00, 0x00,
0x00, 0x00, 0x00, 0x00, 0x00, 0x00, 0x00, 0x00, 0x00, 0x00,
0x00, 0x00, 0x00, 0x00, 0x00, 0x00, 0x00, 0x00, 0x00, 0x00,
0x00, 0x00, 0x00, 0x00, 0x00, 0x00, 0x00, 0x00, 0x00, 0x00,
0x00, 0x00, 0x00, 0x00, 0x00, 0x00, 0x00, 0x00, 0x00, 0x00,
0x00, 0x00, 0x00, 0x00, 0x00, 0x00, 0x00, 0x00, 0x00, 0x00,
0x00, 0x00, 0x00, 0x00, 0x00, 0x00, 0x00, 0x00, 0x00, 0x00,
0x00, 0x00, 0x00, 0x00, 0x00, 0x00, 0x00, 0x00, 0x00, 0x00,
0x00, 0x00, 0x00, 0x00, 0x00, 0x00, 0x00, 0x00, 0x00, 0x00,
0x00, 0x00, 0x00, 0x00, 0x00, 0x00, 0x00, 0x00, 0x00, 0x00,
0x00, 0x00, 0x00, 0x00, 0x00, 0x00, 0x00, 0x00, 0x00, 0x00,
0x10, 0x10, 0x10, 0x10, 0x10, 0x10, 0x14, 0x14, 0x14, 0x14,
0x14, 0x14, 0x14, 0x14, 0x1C, 0x18, 0x18, 0x18, 0x18, 0x18,
0x18, 0x18, 0x18, 0x18, 0x18, 0x18, 0x18, 0x18, 0x18, 0x18,
0x18, 0x18, 0x18, 0x18, 0x18, 0x18, 0x18, 0x18, 0x18, 0x18,
0x18, 0x1C, 0x1C, 0x14, 0x14, 0x14, 0x14, 0x14, 0x14, 0x14,
0x14, 0x14, 0x14, 0x14, 0x14, 0x14, 0x14, 0x14, 0x14, 0x14,
0x14, 0x14, 0x14, 0x14, 0x14, 0x14, 0x14, 0x14, 0x14, 0x14,
0x14, 0x14, 0x14, 0x14, 0x15, 0x15, 0x11, 0x11, 0x11, 0x11,
0x11, 0x11, 0x11, 0x19, 0x19, 0x19, 0x19, 0x19, 0x18, 0x18,
0x18, 0x18, 0x18, 0x18, 0x18, 0x18, 0x18, 0x18, 0x18, 0x14,
0x14, 0x14, 0x14, 0x14, 0x14, 0x14, 0x14, 0x14, 0x14, 0x14,
0x15, 0x15, 0x11, 0x11, 0x11, 0x11, 0x11, 0x11, 0x11, 0x11,
0x11, 0x19, 0x19, 0x19, 0x19, 0x19, 0x11, 0x10, 0x14, 0x14,
0x14, 0x14, 0x14, 0x14, 0x15, 0x11, 0x10, 0x10, 0x10, 0x10,
0x10, 0x10, 0x10, 0x10, 0x10, 0x18, 0x18, 0x1A, 0x1A, 0x1A,
0x1A, 0x1A, 0x1A, 0x1A, 0x1A, 0x1A, 0x1A, 0x1A, 0x1A, 0x1A,
0x1A, 0x1A, 0x18, 0x10, 0x18, 0x18, 0x12, 0x12, 0x12, 0x12,
0x16, 0x14, 0x14, 0x14, 0x14, 0x14, 0x14, 0x14, 0x14, 0x16,
0x16, 0x12, 0x12, 0x12, 0x18, 0x18, 0x18, 0x19, 0x19, 0x19,
0x19, 0x19, 0x19, 0x19, 0x19, 0x19, 0x19, 0x19, 0x19, 0x19,
0x19, 0x18, 0x18, 0x18, 0x1A, 0x1A, 0x1A, 0x1A, 0x16, 0x16,
0x14, 0x14, 0x14, 0x14, 0x14, 0x16, 0x16, 0x16, 0x16, 0x16,
0x16, 0x16, 0x16, 0x14, 0x14, 0x14, 0x14, 0x14, 0x14, 0x14,
0x15, 0x15, 0x15, 0x15, 0x15, 0x19, 0x18, 0x18, 0x18, 0x1A,
0x1A, 0x1A, 0x1A, 0x1A, 0x1A, 0x18, 0x18, 0x18, 0x18, 0x19,
0x19, 0x19, 0x19, 0x19, 0x19, 0x19, 0x19, 0x15, 0x15, 0x15,
0x15, 0x15, 0x15, 0x15, 0x11, 0x10, 0x10, 0x10, 0x10, 0x10,
0x10, 0x10, 0x10, 0x10, 0x14, 0x14, 0x14, 0x14, 0x14, 0x14,
0x14, 0x14, 0x14, 0x14, 0x14, 0x14, 0x14, 0x10, 0x12, 0x12,
0x12, 0x12, 0x1A, 0x1A, 0x1A, 0x1A, 0x18, 0x18, 0x18, 0x14,
0x14, 0x14, 0x14, 0x14, 0x16, 0x16, 0x12, 0x12, 0x1A, 0x18,
0x18, 0x18, 0x18, 0x18, 0x18, 0x18, 0x18, 0x18, 0x18, 0x18,
0x18, 0x1C, 0x14, 0x14, 0x14, 0x14, 0x14, 0x14, 0x14, 0x14,
0x14, 0x14, 0x14, 0x14, 0x14, 0x14, 0x14, 0x14, 0x14, 0x14,
0x16, 0x16, 0x16, 0x1A, 0x1A, 0x1A, 0x18, 0x18, 0x18, 0x18,
0x18, 0x18, 0x18, 0x18, 0x18, 0x18, 0x18, 0x18, 0x18, 0x18,
0x18, 0x18, 0x18, 0x18, 0x18, 0x18, 0x18, 0x1C, 0x14, 0x14,
0x14, 0x14, 0x14, 0x14, 0x14, 0x14, 0x14, 0x14, 0x14, 0x14,
0x14, 0x14, 0x14, 0x14, 0x14, 0x14, 0x14, 0x14, 0x14, 0x14,
0x14, 0x14, 0x14, 0x14, 0x18, 0x18, 0x18, 0x18, 0x18, 0x18,
0x18, 0x18, 0x18, 0x18, 0x18, 0x18, 0x18, 0x18, 0x18, 0x18,
0x18, 0x18, 0x18, 0x18, 0x18, 0x18, 0x1C, 0x14, 0x14, 0x14,
0x14, 0x14, 0x14, 0x14, 0x14, 0x14, 0x14, 0x14, 0x14, 0x14,
0x14, 0x14, 0x14, 0x14, 0x14, 0x14, 0x14, 0x14, 0x14, 0x15,
0x15, 0x15, 0x15, 0x15, 0x11, 0x11, 0x11, 0x11, 0x11, 0x11,
0x11, 0x11, 0x11, 0x10, 0x10, 0x18, 0x18, 0x18, 0x18, 0x1A,
0x1A, 0x1A, 0x1A, 0x1A, 0x1A, 0x1A, 0x1A, 0x1A, 0x1A, 0x1A,
0x1A, 0x18, 0x18, 0x18, 0x18, 0x18, 0x18, 0x18, 0x18, 0x18,
0x18, 0x18, 0x18, 0x18, 0x18, 0x18, 0x18, 0x1C, 0x14, 0x14,
0x14, 0x14, 0x14, 0x14, 0x14, 0x14, 0x14, 0x14, 0x14, 0x14,
0x15, 0x11, 0x11, 0x11, 0x11, 0x10, 0x10, 0x10, 0x10, 0x18,
0x18, 0x18, 0x18, 0x18, 0x18, 0x18, 0x18, 0x10, 0x10, 0x10,
0x14, 0x14, 0x14, 0x14, 0x14, 0x14, 0x14, 0x14, 0x14, 0x14,
0x14, 0x14, 0x14, 0x14, 0x14, 0x14, 0x14, 0x14, 0x14, 0x14,
0x14, 0x14, 0x14, 0x16, 0x16, 0x1A, 0x1A, 0x18, 0x18, 0x18,
0x18, 0x18, 0x18, 0x18, 0x18, 0x18, 0x18, 0x18, 0x18, 0x18,
0x18, 0x18, 0x18, 0x18, 0x18, 0x18, 0x18, 0x18, 0x18, 0x18,
0x18, 0x18, 0x18, 0x18, 0x18, 0x18, 0x18, 0x1A, 0x1A, 0x16,
0x16, 0x16, 0x16, 0x16, 0x16, 0x14, 0x14, 0x14, 0x14, 0x14,
0x15, 0x15, 0x15, 0x15, 0x15, 0x15, 0x11, 0x19, 0x19, 0x19,
0x19, 0x19, 0x19, 0x19, 0x18, 0x18, 0x18, 0x19, 0x19, 0x11,
0x15, 0x15, 0x14, 0x14, 0x14, 0x10, 0x10, 0x10, 0x14, 0x14,
0x14, 0x14, 0x14, 0x14, 0x14, 0x14, 0x14, 0x14, 0x14, 0x14,
0x14, 0x14, 0x14, 0x14, 0x14, 0x14, 0x14, 0x18, 0x18, 0x18,
0x18, 0x18, 0x18, 0x18, 0x18, 0x18, 0x18, 0x10, 0x14, 0x14,
0x14, 0x14, 0x14, 0x14, 0x1C, 0x1C, 0x18, 0x18, 0x18, 0x1A,
0x1A, 0x1A, 0x1A, 0x1A, 0x1A, 0x1A, 0x1A, 0x1A, 0x1A, 0x1A,
0x1A, 0x1A, 0x18, 0x18, 0x18, 0x18, 0x18, 0x18, 0x18, 0x18,
0x18, 0x18, 0x18, 0x18, 0x18, 0x1C, 0x1C, 0x14, 0x14, 0x14,
0x14, 0x14, 0x14, 0x14, 0x14, 0x14, 0x14, 0x14, 0x14, 0x14,
0x14, 0x14, 0x14, 0x14, 0x14, 0x14, 0x14, 0x14, 0x14, 0x15,
0x1D, 0x19, 0x19, 0x18, 0x18, 0x18, 0x18, 0x18, 0x18, 0x18,
0x18, 0x18, 0x18, 0x18, 0x18, 0x18, 0x18, 0x18, 0x10, 0x10,
0x10, 0x18, 0x18, 0x19, 0x19, 0x19, 0x19, 0x19, 0x11, 0x14,
0x14, 0x14, 0x14, 0x14, 0x14, 0x14, 0x14, 0x14, 0x14, 0x14,
0x14, 0x14, 0x14, 0x14, 0x14, 0x14, 0x14, 0x14, 0x14, 0x14,
0x16, 0x16, 0x16, 0x12, 0x12, 0x10, 0x10, 0x10, 0x10, 0x18,
0x18, 0x19, 0x19, 0x19, 0x19, 0x19, 0x19, 0x19, 0x19, 0x19,
0x19, 0x19, 0x19, 0x15, 0x14, 0x14, 0x14, 0x14, 0x14, 0x14,
0x14, 0x14, 0x14, 0x14, 0x16, 0x16, 0x12, 0x12, 0x1A, 0x1A,
0x18, 0x18, 0x18, 0x18, 0x18, 0x10, 0x10, 0x14, 0x14, 0x14,
0x14, 0x14, 0x14, 0x14, 0x18, 0x18, 0x18, 0x18, 0x18, 0x18,
0x18, 0x18, 0x18, 0x18, 0x1A, 0x1A, 0x1A, 0x1A, 0x1A, 0x1A,
0x1A, 0x1A, 0x1A, 0x1A, 0x1A, 0x18, 0x18, 0x18, 0x18, 0x18,
0x18, 0x1C, 0x14, 0x14, 0x14, 0x14, 0x14, 0x14, 0x16, 0x16,
0x16, 0x16, 0x14, 0x14, 0x14, 0x14, 0x14, 0x14, 0x14, 0x14,
0x14, 0x14, 0x14, 0x14, 0x14, 0x14, 0x14, 0x14, 0x14, 0x14,
0x14, 0x14, 0x14, 0x14, 0x14, 0x14, 0x14, 0x14, 0x14, 0x14,
0x14, 0x18, 0x18, 0x18, 0x18, 0x18, 0x18, 0x18, 0x18, 0x18,
0x18, 0x18, 0x18, 0x18, 0x18, 0x18, 0x18, 0x18, 0x18, 0x18,
0x18, 0x18, 0x18, 0x18, 0x18, 0x18, 0x18, 0x18, 0x18, 0x18,
0x18, 0x18, 0x18, 0x10, 0x14, 0x14, 0x14, 0x14, 0x14, 0x14,
0x14, 0x14, 0x14, 0x14, 0x14, 0x14, 0x14, 0x14, 0x14, 0x14,
0x14, 0x14, 0x14, 0x14, 0x14, 0x14, 0x14, 0x14, 0x14, 0x14,
0x18, 0x18, 0x18, 0x18, 0x18, 0x18, 0x18, 0x18, 0x18, 0x18,
0x19, 0x19, 0x19, 0x19, 0x19, 0x19, 0x19, 0x19, 0x19, 0x19,
0x19, 0x19, 0x18, 0x18, 0x18, 0x14, 0x14, 0x14, 0x14, 0x14,
0x14, 0x14, 0x14, 0x14, 0x14, 0x14, 0x14, 0x14, 0x14, 0x14,
0x14, 0x14, 0x14, 0x14, 0x14, 0x14, 0x14, 0x14, 0x14, 0x14,
0x14, 0x14, 0x14, 0x14, 0x14, 0x14, 0x14, 0x14, 0x14, 0x14,
0x16, 0x16, 0x16, 0x16, 0x12, 0x1A, 0x18, 0x18, 0x18, 0x18,
0x18, 0x18, 0x18, 0x18, 0x18, 0x18, 0x18, 0x18, 0x18, 0x18,
0x18, 0x18, 0x18, 0x18, 0x18, 0x18, 0x18, 0x18, 0x18, 0x18,
0x18, 0x18, 0x18, 0x18, 0x18, 0x18, 0x18, 0x18, 0x1C, 0x1C,
0x14, 0x14, 0x14, 0x14, 0x14, 0x14, 0x14, 0x14, 0x14, 0x14,
0x14, 0x14, 0x14, 0x14, 0x14, 0x14, 0x14, 0x14, 0x14, 0x14,
0x14, 0x14, 0x14, 0x14, 0x14, 0x14, 0x14, 0x10, 0x10, 0x10,
0x10, 0x10, 0x10, 0x10, 0x10, 0x10, 0x10, 0x10, 0x10, 0x10,
0x10, 0x10, 0x10, 0x10, 0x10, 0x10, 0x10, 0x10, 0x10, 0x10,
0x10, 0x10, 0x10, 0x10, 0x10, 0x10, 0x18, 0x18, 0x18, 0x18,
0x18, 0x18, 0x18, 0x18, 0x18, 0x18, 0x18, 0x18, 0x18, 0x10,
0x10, 0x11, 0x11, 0x11, 0x11, 0x11, 0x19, 0x19, 0x18, 0x18,
0x18, 0x18, 0x18, 0x18, 0x18, 0x18, 0x18, 0x18, 0x18, 0x18,
0x18, 0x1A, 0x1A, 0x1A, 0x12, 0x16, 0x16, 0x16, 0x16, 0x14,
0x14, 0x14, 0x14, 0x14, 0x14, 0x14, 0x14, 0x14, 0x14, 0x14,
0x14, 0x14, 0x14, 0x14, 0x14, 0x14, 0x14, 0x14, 0x14, 0x14,
0x14, 0x14, 0x14, 0x14, 0x14, 0x14, 0x14, 0x14, 0x14, 0x14,
0x18, 0x18, 0x18, 0x18, 0x18, 0x18, 0x18, 0x18, 0x18, 0x18,
0x18, 0x18, 0x18, 0x18, 0x18, 0x18, 0x18, 0x18, 0x18, 0x18,
0x18, 0x18, 0x18, 0x18, 0x18, 0x18, 0x18, 0x18, 0x18, 0x18,
0x18, 0x1C, 0x14, 0x14, 0x14, 0x14, 0x14, 0x14, 0x14, 0x14,
0x14, 0x14, 0x14, 0x14, 0x14, 0x14, 0x14, 0x14, 0x14, 0x14,
0x14, 0x14, 0x14, 0x14, 0x14, 0x14, 0x14, 0x14, 0x14, 0x14,
0x14, 0x14, 0x14, 0x14, 0x15, 0x11, 0x11, 0x11, 0x11, 0x11,
0x11, 0x19, 0x19, 0x19, 0x19, 0x18, 0x18, 0x18, 0x18, 0x18,
0x18, 0x18, 0x18, 0x18, 0x18, 0x18, 0x18, 0x18, 0x18, 0x18,
0x18, 0x18, 0x18, 0x18, 0x18, 0x18, 0x18, 0x18, 0x18, 0x18,
0x18, 0x0A, 0x06, 0x04, 0x04, 0x04, 0x04, 0x04, 0x04, 0x16,
0x16, 0x16, 0x16, 0x16, 0x14, 0x14, 0x14, 0x14, 0x14, 0x14,
0x14, 0x14, 0x14, 0x14, 0x14, 0x14, 0x14, 0x14, 0x14, 0x14,
0x14, 0x14, 0x14, 0x14, 0x14, 0x14, 0x10, 0x18, 0x18, 0x18,
0x18, 0x18, 0x18, 0x18, 0x18, 0x1C, 0x14, 0x14, 0x14, 0x14,
0x14, 0x15, 0x15, 0x11, 0x19, 0x19, 0x18, 0x18, 0x18, 0x18,
0x18, 0x18, 0x18, 0x18, 0x18, 0x18, 0x18, 0x18, 0x18, 0x18,
0x18, 0x18, 0x18, 0x1A, 0x1A, 0x1A, 0x1A, 0x1A, 0x1A, 0x18,
0x18, 0x18, 0x18, 0x19, 0x19, 0x15, 0x15, 0x14, 0x14, 0x14,
0x14, 0x14, 0x14, 0x14, 0x14, 0x14, 0x14, 0x14, 0x14, 0x15,
0x11, 0x11, 0x11, 0x19, 0x19, 0x19, 0x11, 0x15, 0x15, 0x15,
0x15, 0x10, 0x10, 0x10, 0x12, 0x12, 0x12, 0x12, 0x12, 0x12,
0x12, 0x12, 0x12, 0x12, 0x12, 0x12, 0x12, 0x16, 0x16, 0x16,
0x16, 0x16, 0x16, 0x16, 0x16, 0x16, 0x16, 0x14, 0x14, 0x14,
0x14, 0x18, 0x18, 0x18, 0x18, 0x18, 0x18, 0x18, 0x18, 0x18,
0x18, 0x18, 0x18, 0x18, 0x19, 0x19, 0x19, 0x15, 0x15, 0x15,
0x14, 0x14, 0x14, 0x14, 0x14, 0x14, 0x14, 0x14, 0x1C, 0x18,
0x18, 0x18, 0x18, 0x18, 0x1C, 0x14, 0x14, 0x14, 0x15, 0x11,
0x11, 0x11, 0x11, 0x11, 0x11, 0x19, 0x19, 0x19, 0x19, 0x19,
0x19, 0x19, 0x19, 0x19, 0x18, 0x18, 0x18, 0x18, 0x18, 0x18,
0x10, 0x10, 0x10, 0x10, 0x10, 0x10, 0x10, 0x10, 0x10, 0x10,
0x10, 0x10, 0x10, 0x10, 0x10, 0x10, 0x10, 0x10, 0x10, 0x10,
0x10, 0x10, 0x10, 0x10, 0x10, 0x10, 0x10, 0x10, 0x10, 0x10,
0x10, 0x10, 0x10, 0x10, 0x10, 0x11, 0x11, 0x11, 0x11, 0x11,
0x11, 0x11, 0x11, 0x11, 0x11, 0x11, 0x11, 0x15, 0x04, 0x05,
0x05, 0x01, 0x01, 0x01, 0x01, 0x01, 0x00, 0x04, 0x04, 0x04,
0x04, 0x04, 0x00, 0x00, 0x00, 0x00, 0x00, 0x00, 0x00, 0x08,
0x08, 0x08, 0x08, 0x08, 0x08, 0x08, 0x08, 0x00, 0x00, 0x00,
0x00, 0x00, 0x00, 0x00, 0x04, 0x04, 0x04, 0x04, 0x00, 0x00,
0x00, 0x04, 0x04, 0x04, 0x04, 0x04, 0x04, 0x05, 0x05, 0x01,
0x01, 0x01, 0x01, 0x01, 0x00, 0x00, 0x00, 0x00, 0x00, 0x00,
0x00, 0x00, 0x08, 0x08, 0x00, 0x02, 0x02, 0x02, 0x00, 0x00,
0x00, 0x00, 0x00, 0x00, 0x00, 0x00, 0x08, 0x08, 0x08, 0x08,
0x08, 0x08, 0x0A, 0x02, 0x02, 0x02, 0x02, 0x00, 0x00, 0x00,
0x00, 0x08, 0x08, 0x08, 0x08, 0x08, 0x08, 0x08, 0x08, 0x08,
0x08, 0x08, 0x09, 0x09, 0x09, 0x09, 0x09, 0x09, 0x09, 0x08,
0x08, 0x08, 0x08, 0x08, 0x08, 0x08, 0x08, 0x09, 0x09, 0x09,
0x05, 0x05, 0x04, 0x04, 0x04, 0x04, 0x04, 0x04, 0x04, 0x04,
0x00, 0x00, 0x00, 0x08, 0x08, 0x08, 0x08, 0x08, 0x08, 0x08,
0x08, 0x08, 0x08, 0x08, 0x08, 0x08, 0x08, 0x00, 0x00, 0x00,
0x00, 0x00, 0x00, 0x00, 0x00, 0x00, 0x00, 0x00, 0x00, 0x00,
0x00, 0x00, 0x00, 0x00, 0x00, 0x00, 0x00, 0x00, 0x00, 0x00,
0x00, 0x00, 0x00, 0x00, 0x00, 0x00, 0x00, 0x00, 0x00, 0x00,
0x00, 0x02, 0x02, 0x02, 0x00, 0x00, 0x00, 0x00, 0x00, 0x00,
0x00, 0x00, 0x00, 0x00, 0x00, 0x00, 0x00, 0x00, 0x00, 0x00,
0x00, 0x01, 0x01, 0x01, 0x01, 0x01, 0x01, 0x00, 0x00, 0x00,
0x00, 0x00, 0x00, 0x00, 0x00, 0x00, 0x00, 0x00, 0x00, 0x00,
0x04, 0x04, 0x04, 0x00, 0x00, 0x00, 0x00, 0x00, 0x00, 0x00,
0x08, 0x08, 0x08, 0x08, 0x08, 0x08, 0x08, 0x00, 0x00, 0x00,
0x00, 0x02, 0x02, 0x02, 0x02, 0x02, 0x00, 0x00, 0x00, 0x00,
0x00, 0x00, 0x00, 0x00, 0x00, 0x00, 0x00, 0x00, 0x00, 0x00,
0x01, 0x01, 0x01, 0x00, 0x00, 0x00, 0x00, 0x01, 0x01, 0x01,
0x01, 0x01, 0x01, 0x00, 0x00, 0x00, 0x00, 0x01, 0x01, 0x01,
0x01, 0x01, 0x01, 0x01, 0x01, 0x00, 0x00, 0x00, 0x00, 0x00,
0x00, 0x00, 0x00, 0x04, 0x04, 0x04, 0x04, 0x04, 0x04, 0x04,
0x00, 0x04, 0x04, 0x00, 0x00, 0x00, 0x00, 0x00, 0x00, 0x00,
0x00, 0x00, 0x00, 0x00, 0x00, 0x02, 0x02, 0x06, 0x06, 0x04,
0x04, 0x04, 0x04, 0x04, 0x04, 0x04, 0x04, 0x04, 0x04, 0x04,
0x00, 0x00, 0x00, 0x00, 0x00, 0x00, 0x00, 0x00, 0x00, 0x00,
0x00, 0x00, 0x00, 0x10, 0x10, 0x10, 0x10, 0x18, 0x18, 0x18,
0x18, 0x18, 0x18, 0x1A, 0x1A, 0x1A, 0x1A, 0x1A, 0x1A, 0x1A,
0x1A, 0x1A, 0x18, 0x18, 0x18, 0x18, 0x18, 0x18, 0x18, 0x18,
0x18, 0x18, 0x10, 0x10, 0x11, 0x11, 0x11, 0x11, 0x11, 0x11,
0x11, 0x11, 0x10, 0x10, 0x10, 0x10, 0x10, 0x14, 0x14, 0x14,
0x10, 0x10, 0x10, 0x10, 0x12, 0x12, 0x12, 0x12, 0x12, 0x12,
0x12, 0x12, 0x12, 0x12, 0x10, 0x10, 0x10, 0x10, 0x10, 0x10,
0x14, 0x14, 0x14, 0x10, 0x10, 0x10, 0x10, 0x10, 0x10, 0x10,
0x10, 0x10, 0x10, 0x10, 0x10, 0x10, 0x10, 0x10, 0x10, 0x10,
0x10, 0x10, 0x10, 0x10, 0x10, 0x10, 0x10, 0x14, 0x14, 0x14,
0x14, 0x14, 0x14, 0x14, 0x15, 0x11, 0x11, 0x11, 0x11, 0x01,
0x01, 0x01, 0x01, 0x01, 0x01, 0x01, 0x01, 0x05, 0x05, 0x04,
0x04, 0x00, 0x00, 0x00, 0x00, 0x00, 0x00, 0x00, 0x00, 0x00,
0x00, 0x00, 0x00, 0x00, 0x00, 0x00, 0x08, 0x08, 0x08, 0x08,
0x08, 0x08, 0x08, 0x08, 0x09, 0x09, 0x09, 0x09, 0x01, 0x01,
0x01, 0x05, 0x05, 0x05, 0x05, 0x05, 0x05, 0x05, 0x04, 0x04,
0x00, 0x00, 0x01, 0x01, 0x01, 0x01, 0x01, 0x09, 0x09, 0x09,
0x09, 0x09, 0x00, 0x00, 0x00, 0x00, 0x00, 0x01, 0x05, 0x05,
0x05, 0x05, 0x05, 0x01, 0x01, 0x00, 0x04, 0x00, 0x00, 0x00,
0x00, 0x00, 0x00, 0x00, 0x00, 0x00, 0x04, 0x04, 0x04, 0x00,
0x08, 0x08, 0x0A, 0x0A, 0x0A, 0x0A, 0x08, 0x08, 0x00, 0x00,
0x00, 0x00, 0x00, 0x04, 0x04, 0x04, 0x04, 0x00, 0x00, 0x00,
0x00, 0x00, 0x00, 0x00, 0x00, 0x01, 0x01, 0x01, 0x05, 0x05,
0x05, 0x01, 0x01, 0x00, 0x00, 0x00, 0x00, 0x00, 0x00, 0x00,
0x01, 0x01, 0x00, 0x00, 0x00, 0x08, 0x08, 0x08, 0x08, 0x08,
0x08, 0x08, 0x08, 0x08, 0x08, 0x08, 0x08, 0x08, 0x08, 0x08,
0x00, 0x00, 0x00, 0x00, 0x00, 0x00, 0x00, 0x00, 0x00, 0x00,
0x00, 0x02, 0x02, 0x02, 0x02, 0x02, 0x02, 0x02, 0x02, 0x02,
0x02, 0x02, 0x02, 0x02, 0x02, 0x02, 0x02, 0x02, 0x02, 0x06,
0x06, 0x06, 0x16, 0x16, 0x16, 0x16, 0x16, 0x16, 0x16, 0x16,
0x16, 0x16, 0x12, 0x12, 0x12, 0x12, 0x12, 0x12, 0x12, 0x12,
0x12, 0x12, 0x12, 0x12, 0x12, 0x12, 0x16, 0x16, 0x10, 0x10,
0x10, 0x10, 0x10, 0x10, 0x10, 0x10, 0x10, 0x10, 0x10, 0x14,
0x14, 0x10, 0x10, 0x10, 0x10, 0x10, 0x10, 0x10, 0x10, 0x10,
0x10, 0x10, 0x10, 0x10, 0x10, 0x10, 0x10, 0x10, 0x10, 0x10,
0x10, 0x14, 0x14, 0x10, 0x10, 0x10, 0x10, 0x10, 0x10, 0x10,
0x10, 0x18, 0x18, 0x18, 0x18, 0x10, 0x10, 0x10, 0x10, 0x10,
0x10, 0x10, 0x10, 0x10, 0x10, 0x10, 0x10, 0x10, 0x10, 0x10,
0x10, 0x00, 0x00, 0x00, 0x00, 0x00, 0x00, 0x00, 0x00, 0x00,
0x00, 0x00, 0x00, 0x00, 0x00, 0x00, 0x00, 0x00, 0x00, 0x00,
0x00, 0x00, 0x00, 0x00, 0x00, 0x00, 0x00, 0x00, 0x00, 0x00,
0x00, 0x00, 0x00, 0x00, 0x00, 0x00, 0x00, 0x00, 0x00, 0x00,
0x00, 0x00, 0x00, 0x00, 0x00, 0x00, 0x00, 0x00, 0x00, 0x00,
0x00, 0x00, 0x00, 0x00, 0x00, 0x00, 0x00, 0x00, 0x00, 0x00,
0x00, 0x00, 0x00, 0x00, 0x00, 0x00, 0x00, 0x00, 0x00, 0x00,
0x00, 0x00, 0x00, 0x00, 0x00, 0x00, 0x00, 0x00, 0x00, 0x00,
0x00, 0x10, 0x10, 0x10, 0x10, 0x10, 0x10, 0x10, 0x10, 0x10,
0x10, 0x10, 0x10, 0x10, 0x10, 0x10, 0x10, 0x10, 0x10, 0x10,
0x10, 0x10, 0x10, 0x10, 0x10, 0x10, 0x10, 0x10, 0x10, 0x10,
0x10, 0x10, 0x10, 0x10, 0x10, 0x10, 0x10, 0x10, 0x10, 0x10,
0x10, 0x10, 0x10, 0x10, 0x10, 0x10, 0x10, 0x10, 0x10, 0x10,
0x10, 0x10, 0x10, 0x10, 0x10, 0x10, 0x10, 0x10, 0x10, 0x10,
0x10, 0x10, 0x10, 0x10, 0x10, 0x10, 0x10, 0x10, 0x10, 0x10,
0x10, 0x10, 0x10, 0x10, 0x10, 0x18, 0x18, 0x18, 0x18, 0x18,
0x18, 0x18, 0x18, 0x18, 0x18, 0x18, 0x18, 0x18, 0x18, 0x18,
0x18, 0x18, 0x18, 0x18, 0x18, 0x18, 0x18, 0x18, 0x1C, 0x1C,
0x14, 0x14, 0x14, 0x14, 0x14, 0x14, 0x14, 0x14, 0x14, 0x14,
0x14, 0x14, 0x14, 0x10, 0x10, 0x10, 0x10, 0x10, 0x10, 0x14,
0x14, 0x14, 0x14, 0x14, 0x14, 0x10, 0x18, 0x18, 0x18, 0x18,
0x18, 0x18, 0x18, 0x18, 0x18, 0x18, 0x18, 0x10, 0x10, 0x10,
0x10, 0x14, 0x15, 0x11, 0x11, 0x10, 0x10, 0x10, 0x10, 0x12,
0x12, 0x12, 0x12, 0x12, 0x16, 0x14, 0x14, 0x14, 0x14, 0x14,
0x14, 0x14, 0x14, 0x14, 0x14, 0x14, 0x14, 0x14, 0x14, 0x10,
0x10, 0x18, 0x18, 0x18, 0x18, 0x18, 0x18, 0x18, 0x18, 0x18,
0x18, 0x18, 0x10, 0x10, 0x18, 0x18, 0x18, 0x18, 0x18, 0x14,
0x14, 0x14, 0x14, 0x14, 0x14, 0x14, 0x14, 0x14, 0x14, 0x14,
0x14, 0x14, 0x14, 0x10, 0x10, 0x10, 0x10, 0x10, 0x18, 0x18,
0x18, 0x18, 0x18, 0x11, 0x11, 0x11, 0x11, 0x11, 0x11, 0x11,
0x11, 0x11, 0x11, 0x11, 0x10, 0x10, 0x18, 0x1A, 0x1A, 0x12,
0x12, 0x12, 0x12, 0x12, 0x1A, 0x1A, 0x18, 0x18, 0x18, 0x18,
0x18, 0x18, 0x18, 0x18, 0x10, 0x10, 0x14, 0x14, 0x14, 0x14,
0x14, 0x14, 0x14, 0x10, 0x10, 0x10, 0x10, 0x10, 0x10, 0x10,
0x10, 0x10, 0x12, 0x12, 0x12, 0x12, 0x12, 0x12, 0x10, 0x10,
0x14, 0x14, 0x14, 0x14, 0x14, 0x14, 0x14, 0x10, 0x10, 0x10,
0x10, 0x18, 0x18, 0x18, 0x18, 0x18, 0x18, 0x18, 0x18, 0x10,
0x10, 0x10, 0x14, 0x14, 0x14, 0x14, 0x14, 0x14, 0x14, 0x14,
0x14, 0x14, 0x14, 0x10, 0x10, 0x10, 0x18, 0x18, 0x18, 0x18,
0x18, 0x18, 0x18, 0x18, 0x18, 0x18, 0x18, 0x18, 0x18, 0x10,
0x14, 0x14, 0x14, 0x14, 0x14, 0x14, 0x14, 0x14, 0x14, 0x14,
0x14, 0x14, 0x14, 0x14, 0x14, 0x14, 0x14, 0x14, 0x14, 0x14,
0x14, 0x14, 0x14, 0x14, 0x14, 0x14, 0x10, 0x18, 0x18, 0x18,
0x18, 0x18, 0x18, 0x18, 0x18, 0x18, 0x18, 0x18, 0x18, 0x18,
0x18, 0x18, 0x18, 0x18, 0x18, 0x18, 0x10, 0x10, 0x10, 0x10,
0x10, 0x10, 0x10, 0x10, 0x10, 0x10, 0x10, 0x10, 0x10, 0x10,
0x10, 0x10, 0x10, 0x10, 0x10, 0x10, 0x14, 0x14, 0x14, 0x14,
0x14, 0x14, 0x14, 0x14, 0x14, 0x14, 0x14, 0x15, 0x15, 0x11,
0x11, 0x10, 0x10, 0x10, 0x10, 0x10, 0x10, 0x10, 0x10, 0x10,
0x10, 0x10, 0x19, 0x19, 0x19, 0x18, 0x18, 0x18, 0x18, 0x18,
0x10, 0x10, 0x10, 0x14, 0x14, 0x14, 0x14, 0x14, 0x14, 0x14,
0x14, 0x12, 0x12, 0x12, 0x12, 0x12, 0x12, 0x12, 0x12, 0x12,
0x12, 0x12, 0x1A, 0x18, 0x18, 0x18, 0x18, 0x18, 0x18, 0x18,
0x18, 0x18, 0x18, 0x18, 0x19, 0x19, 0x19, 0x19, 0x11, 0x10,
0x10, 0x10, 0x10, 0x10, 0x10, 0x10, 0x10, 0x14, 0x14, 0x14,
0x14, 0x14, 0x14, 0x14, 0x14, 0x14, 0x14, 0x1C, 0x18, 0x18,
0x18, 0x18, 0x18, 0x18, 0x18, 0x18, 0x18, 0x18, 0x18, 0x1C,
0x14, 0x14, 0x14, 0x14, 0x14, 0x14, 0x14, 0x14, 0x14, 0x14,
0x1C, 0x18, 0x18, 0x18, 0x18, 0x18, 0x18, 0x18, 0x18, 0x18,
0x14, 0x14, 0x14, 0x14, 0x14, 0x14, 0x14, 0x14, 0x14, 0x18,
0x18, 0x18, 0x18, 0x18, 0x18, 0x14, 0x14, 0x14, 0x14, 0x14,
0x10, 0x10, 0x10, 0x10, 0x10, 0x10, 0x10, 0x10, 0x10, 0x10,
0x10, 0x10, 0x10, 0x10, 0x10, 0x10, 0x10, 0x10, 0x10, 0x10,
0x10, 0x10, 0x10, 0x10, 0x10, 0x10, 0x10, 0x10, 0x10, 0x10,
0x10, 0x10, 0x10, 0x10, 0x10, 0x10, 0x10, 0x10, 0x18, 0x18,
0x10, 0x18, 0x18, 0x18, 0x18, 0x18, 0x18, 0x18, 0x18, 0x10,
0x10, 0x10, 0x10, 0x10, 0x10, 0x10, 0x10, 0x10, 0x10, 0x10,
0x10, 0x10, 0x10, 0x10, 0x10, 0x10, 0x10, 0x10, 0x10, 0x10,
0x10, 0x10, 0x18, 0x18, 0x18, 0x18, 0x18, 0x10, 0x10, 0x14,
0x14, 0x14, 0x14, 0x14, 0x14, 0x14, 0x14, 0x10, 0x10, 0x10,
0x10, 0x10, 0x10, 0x10, 0x10, 0x10, 0x10, 0x10, 0x10, 0x10,
0x10, 0x10, 0x10, 0x10, 0x10, 0x10, 0x10, 0x10, 0x10, 0x10,
0x10, 0x10, 0x10, 0x10, 0x10, 0x10, 0x10, 0x10, 0x10, 0x10,
0x10, 0x10, 0x10, 0x10, 0x10, 0x10, 0x10, 0x10, 0x10, 0x10,
0x10, 0x10, 0x10, 0x10, 0x10, 0x10, 0x10, 0x10, 0x10, 0x10,
0x14, 0x14, 0x14, 0x14, 0x14, 0x14, 0x14, 0x14, 0x14, 0x14,
0x14, 0x14, 0x18, 0x18, 0x18, 0x18, 0x18, 0x18, 0x18, 0x18,
0x18, 0x18, 0x18, 0x18, 0x18, 0x18, 0x10, 0x14, 0x14, 0x14,
0x14, 0x14, 0x14, 0x14, 0x14, 0x10, 0x18, 0x18, 0x18, 0x18,
0x18, 0x18, 0x18, 0x18, 0x18, 0x18, 0x14, 0x14, 0x14, 0x14,
0x14, 0x14, 0x14, 0x14, 0x14, 0x14, 0x14, 0x14, 0x14, 0x14,
0x14, 0x14, 0x14, 0x14, 0x15, 0x11, 0x11, 0x11, 0x11, 0x10,
0x10, 0x18, 0x18, 0x18, 0x18, 0x18, 0x18, 0x18, 0x18, 0x18,
0x18, 0x18, 0x1A, 0x1A, 0x12, 0x12, 0x12, 0x10, 0x10, 0x10,
0x10, 0x10, 0x10, 0x10, 0x10, 0x12, 0x12, 0x12, 0x10, 0x10,
0x10, 0x10, 0x10, 0x10, 0x10, 0x14, 0x14, 0x14, 0x14, 0x10,
0x10, 0x10, 0x11, 0x11, 0x10, 0x18, 0x18, 0x18, 0x18, 0x10,
0x10, 0x10, 0x10, 0x10, 0x14, 0x14, 0x14, 0x14, 0x14, 0x10,
0x10, 0x10, 0x10, 0x10, 0x10, 0x18, 0x18, 0x18, 0x18, 0x18,
0x14, 0x14, 0x14, 0x14, 0x14, 0x14, 0x14, 0x14, 0x10, 0x10,
0x10, 0x10, 0x10, 0x10, 0x10, 0x10, 0x10, 0x10, 0x14, 0x14,
0x10, 0x10, 0x10, 0x10, 0x10, 0x10, 0x10, 0x11, 0x11, 0x11,
0x11, 0x10, 0x10, 0x10, 0x10, 0x10, 0x14, 0x14, 0x14, 0x10,
0x10, 0x10, 0x11, 0x11, 0x11, 0x10, 0x10, 0x10, 0x12, 0x12,
0x12, 0x10, 0x10, 0x10, 0x10, 0x10, 0x10, 0x10, 0x10, 0x18,
0x18, 0x18, 0x18, 0x18, 0x18, 0x18, 0x18, 0x18, 0x18, 0x18,
0x18, 0x1A, 0x12, 0x12, 0x12, 0x12, 0x10, 0x10, 0x10, 0x14,
0x14, 0x14, 0x14, 0x14, 0x14, 0x14, 0x10, 0x10, 0x10, 0x10,
0x10, 0x18, 0x18, 0x18, 0x18, 0x18, 0x18, 0x10, 0x10, 0x10,
0x14, 0x14, 0x14, 0x14, 0x10, 0x11, 0x11, 0x11, 0x11, 0x11,
0x10, 0x10, 0x10, 0x18, 0x18, 0x18, 0x18, 0x14, 0x14, 0x14,
0x14, 0x14, 0x14, 0x10, 0x18, 0x18, 0x18, 0x18, 0x18, 0x18,
0x18, 0x18, 0x18, 0x18, 0x10, 0x10, 0x10, 0x12, 0x12, 0x12,
0x10, 0x10, 0x10, 0x10, 0x10, 0x10, 0x10, 0x10, 0x10, 0x10,
0x10, 0x10, 0x10, 0x10, 0x18, 0x18, 0x18, 0x18, 0x18, 0x1A,
0x1A, 0x12, 0x12, 0x10, 0x10, 0x14, 0x14, 0x14, 0x14, 0x14,
0x14, 0x14, 0x14, 0x14, 0x14, 0x14, 0x14, 0x14, 0x14, 0x14,
0x14, 0x15, 0x15, 0x15, 0x15, 0x15, 0x15, 0x15, 0x15, 0x10,
0x10, 0x10, 0x10, 0x10, 0x18, 0x18, 0x18, 0x18, 0x18, 0x18,
0x18, 0x18, 0x18, 0x18, 0x18, 0x18, 0x18, 0x18, 0x18, 0x18,
0x10, 0x10, 0x10, 0x12, 0x12, 0x12, 0x12, 0x10, 0x10, 0x10,
0x10, 0x11, 0x11, 0x11, 0x11, 0x11, 0x10, 0x10, 0x14, 0x14,
0x14, 0x14, 0x14, 0x14, 0x10, 0x10, 0x18, 0x18, 0x18, 0x18,
0x18, 0x18, 0x18, 0x18, 0x14, 0x14, 0x14, 0x14, 0x14, 0x14,
0x14, 0x14, 0x14, 0x14, 0x12, 0x12, 0x12, 0x10, 0x10, 0x10,
0x10, 0x18, 0x18, 0x18, 0x18, 0x18, 0x18, 0x18, 0x10, 0x10,
0x10, 0x14, 0x14, 0x14, 0x14, 0x14, 0x14, 0x14, 0x10, 0x10,
0x10, 0x18, 0x18, 0x18, 0x18, 0x18, 0x10, 0x10, 0x10, 0x10,
0x10, 0x10, 0x10, 0x10, 0x10, 0x10, 0x10, 0x10, 0x10, 0x10,
0x10, 0x10, 0x10, 0x10, 0x12, 0x12, 0x12, 0x12, 0x12, 0x10,
0x10, 0x10, 0x10, 0x10, 0x10, 0x10, 0x10, 0x10, 0x10, 0x11,
0x11, 0x11, 0x11, 0x11, 0x11, 0x18, 0x18, 0x18, 0x18, 0x18,
0x18, 0x18, 0x18, 0x18, 0x18, 0x19, 0x19, 0x19, 0x19, 0x19,
0x19, 0x10, 0x10, 0x10, 0x10, 0x10, 0x12, 0x16, 0x16, 0x16,
0x16, 0x16, 0x14, 0x14, 0x14, 0x14, 0x14, 0x14, 0x14, 0x14,
0x14, 0x14, 0x14, 0x14, 0x14, 0x14, 0x10, 0x10, 0x12, 0x12,
0x12, 0x10, 0x10, 0x10, 0x10, 0x10, 0x18, 0x18, 0x18, 0x18,
0x18, 0x18, 0x18, 0x10, 0x11, 0x11, 0x11, 0x11, 0x11, 0x11,
0x10, 0x10, 0x10, 0x10, 0x10, 0x12, 0x12, 0x12, 0x12, 0x12,
0x10, 0x10, 0x10, 0x10, 0x10, 0x10, 0x10, 0x10, 0x10, 0x10,
0x10, 0x10, 0x10, 0x10, 0x10, 0x10, 0x10, 0x10, 0x11, 0x11,
0x11, 0x11, 0x11, 0x11, 0x11, 0x11, 0x11, 0x11, 0x15, 0x15,
0x14, 0x14, 0x14, 0x14, 0x14, 0x14, 0x14, 0x14, 0x14, 0x18,
0x18, 0x18, 0x18, 0x18, 0x18, 0x18, 0x18, 0x18, 0x18, 0x18,
0x18, 0x18, 0x18, 0x18, 0x18, 0x1C, 0x14, 0x14, 0x14, 0x14,
0x14, 0x14, 0x14, 0x14, 0x14, 0x14, 0x14, 0x14, 0x14, 0x14,
0x16, 0x12, 0x12, 0x12, 0x12, 0x1A, 0x1A, 0x18, 0x18, 0x18,
0x18, 0x18, 0x18, 0x18, 0x18, 0x18, 0x1A, 0x12, 0x12, 0x16,
0x16, 0x14, 0x14, 0x14, 0x14, 0x14, 0x10, 0x18, 0x18, 0x18,
0x18, 0x10, 0x10, 0x10, 0x18, 0x18, 0x10, 0x10, 0x10, 0x10,
0x14, 0x14, 0x16, 0x16, 0x16, 0x16, 0x14, 0x10, 0x10, 0x10,
0x11, 0x11, 0x11, 0x11, 0x11, 0x11, 0x11, 0x10, 0x10, 0x10,
0x10, 0x10, 0x12, 0x12, 0x12, 0x10, 0x10, 0x10, 0x10, 0x10,
0x10, 0x10, 0x10, 0x10, 0x10, 0x10, 0x10, 0x14, 0x14, 0x14,
0x14, 0x14, 0x14, 0x15, 0x15, 0x11, 0x19, 0x19, 0x19, 0x19,
0x18, 0x18, 0x18, 0x10, 0x10, 0x10, 0x10, 0x10, 0x10, 0x14,
0x14, 0x14, 0x14, 0x14, 0x16, 0x16, 0x16, 0x16, 0x16, 0x16,
0x12, 0x10, 0x18, 0x18, 0x18, 0x18, 0x18, 0x18, 0x18, 0x18,
0x18, 0x18, 0x18, 0x18, 0x18, 0x18, 0x10, 0x10, 0x10, 0x10,
0x10, 0x10, 0x10, 0x10, 0x10, 0x10, 0x10, 0x10, 0x10, 0x10,
0x10, 0x10, 0x10, 0x10, 0x12, 0x12, 0x12, 0x10, 0x10, 0x10,
0x10, 0x10, 0x10, 0x10, 0x18, 0x18, 0x18, 0x18, 0x10, 0x10,
0x10, 0x10, 0x10, 0x10, 0x10, 0x10, 0x11, 0x11, 0x11, 0x10,
0x10, 0x10, 0x10, 0x10, 0x10, 0x10, 0x10, 0x10, 0x10, 0x10,
0x10, 0x10, 0x10, 0x12, 0x12, 0x12, 0x12, 0x12, 0x12, 0x10,
0x10, 0x10, 0x11, 0x10, 0x10, 0x10, 0x10, 0x10, 0x10, 0x10,
0x10, 0x10, 0x10, 0x10, 0x10, 0x10, 0x18, 0x18, 0x18, 0x18,
0x18, 0x18, 0x18, 0x18, 0x18, 0x18, 0x18, 0x18, 0x18, 0x14,
0x14, 0x14, 0x14, 0x14, 0x14, 0x14, 0x14, 0x14, 0x14, 0x14,
0x14, 0x14, 0x10, 0x10, 0x10, 0x10, 0x10, 0x10, 0x10, 0x10,
0x18, 0x18, 0x18, 0x18, 0x18, 0x18, 0x10, 0x10, 0x10, 0x10,
0x10, 0x10, 0x10, 0x10, 0x10, 0x10, 0x10, 0x10, 0x10, 0x10,
0x14, 0x14, 0x14, 0x14, 0x14, 0x14, 0x14, 0x14, 0x10, 0x10,
0x11, 0x11, 0x11, 0x11, 0x10, 0x10, 0x10, 0x10, 0x10, 0x10,
0x10, 0x10, 0x10, 0x10, 0x10, 0x10, 0x10, 0x11, 0x11, 0x11,
0x11, 0x11, 0x11, 0x11, 0x11, 0x11, 0x11, 0x11, 0x11, 0x11,
0x11, 0x11, 0x11, 0x11, 0x11, 0x11, 0x11, 0x11, 0x11, 0x11,
0x11, 0x11, 0x10, 0x10, 0x10, 0x10, 0x10, 0x10, 0x10, 0x10,
0x12, 0x12, 0x12, 0x12, 0x12, 0x12, 0x10, 0x10, 0x10, 0x10,
0x10, 0x10, 0x10, 0x10, 0x10, 0x10, 0x10, 0x10, 0x10, 0x10,
0x10, 0x10, 0x10, 0x10, 0x10, 0x10, 0x10, 0x10, 0x10, 0x10,
0x10, 0x10, 0x10, 0x10, 0x10, 0x10, 0x10, 0x10, 0x10, 0x10,
0x10, 0x10, 0x10, 0x10, 0x10, 0x10, 0x10, 0x10, 0x10, 0x10,
0x10, 0x10, 0x10, 0x10, 0x10, 0x10, 0x10, 0x10, 0x10, 0x10,
0x10, 0x10, 0x10, 0x10, 0x10, 0x10, 0x10, 0x10, 0x10, 0x10,
0x10, 0x10, 0x10, 0x10, 0x10, 0x10, 0x10, 0x10, 0x10, 0x12,
0x12, 0x10, 0x10, 0x10, 0x10, 0x10, 0x10, 0x10, 0x10, 0x10,
0x10, 0x10, 0x10, 0x10, 0x10, 0x10, 0x10, 0x12, 0x12, 0x12,
0x10, 0x10, 0x10, 0x10, 0x10, 0x10, 0x10, 0x10, 0x10, 0x10,
0x10, 0x10, 0x10, 0x10, 0x10, 0x10, 0x10, 0x10, 0x10, 0x10,
0x10, 0x10, 0x10, 0x10, 0x10, 0x10, 0x10, 0x10, 0x10, 0x10,
0x10, 0x10, 0x10, 0x10, 0x10, 0x10, 0x11, 0x11, 0x11, 0x11,
0x11, 0x11, 0x11, 0x11, 0x11, 0x11, 0x11, 0x11, 0x11, 0x11,
0x11, 0x11, 0x11, 0x11, 0x11, 0x11, 0x11, 0x11, 0x11, 0x11,
0x11, 0x11, 0x11, 0x10, 0x10, 0x10, 0x10, 0x10, 0x10, 0x10,
0x10, 0x10, 0x12, 0x12, 0x12, 0x12, 0x12, 0x12, 0x12, 0x12,
0x12, 0x16, 0x16, 0x16, 0x16, 0x16, 0x14, 0x10, 0x10, 0x10,
0x10, 0x10, 0x10, 0x11, 0x11, 0x11, 0x11, 0x11, 0x11, 0x10,
0x10, 0x10, 0x10, 0x10, 0x10, 0x10, 0x10, 0x10, 0x10, 0x10,
0x10, 0x10, 0x10, 0x10, 0x10, 0x10, 0x10, 0x10, 0x10, 0x10,
0x10, 0x10, 0x10, 0x10, 0x10, 0x10, 0x10, 0x10, 0x10, 0x10,
0x10, 0x10, 0x10, 0x10, 0x10, 0x10, 0x10, 0x10, 0x10, 0x10,
0x10, 0x10, 0x10, 0x10, 0x10, 0x10, 0x10, 0x10, 0x10, 0x10,
0x10, 0x10, 0x10, 0x10, 0x10, 0x10, 0x10, 0x10, 0x10, 0x10,
0x10, 0x10, 0x10, 0x10, 0x10, 0x10, 0x10, 0x10, 0x10, 0x10,
0x10, 0x11, 0x11, 0x11, 0x11, 0x11, 0x11, 0x11, 0x11, 0x11,
0x11, 0x11, 0x11, 0x11, 0x15, 0x15, 0x15, 0x15, 0x15, 0x15,
0x15, 0x11, 0x10, 0x10, 0x18, 0x18, 0x18, 0x18, 0x10, 0x10,
0x10, 0x10, 0x10, 0x10, 0x12, 0x12, 0x12, 0x10, 0x10, 0x10,
0x10, 0x10, 0x10, 0x10, 0x10, 0x10, 0x10, 0x18, 0x18, 0x18,
0x10, 0x10, 0x10, 0x10, 0x10, 0x10, 0x14, 0x14, 0x14, 0x14,
0x10, 0x10, 0x10, 0x10, 0x10, 0x10, 0x10, 0x10, 0x10, 0x10,
0x10, 0x10, 0x10, 0x10, 0x10, 0x10, 0x10, 0x10, 0x10, 0x10,
0x10, 0x10, 0x10, 0x10, 0x10, 0x10, 0x10, 0x10, 0x10, 0x10,
0x10, 0x10, 0x10, 0x10, 0x10, 0x10, 0x10, 0x10, 0x14, 0x14,
0x14, 0x14, 0x15, 0x15, 0x11, 0x11, 0x11, 0x11, 0x11, 0x11,
0x10, 0x18, 0x19, 0x19, 0x19, 0x19, 0x19, 0x19, 0x19, 0x19,
0x19, 0x19, 0x19, 0x19, 0x14, 0x14, 0x14, 0x14, 0x14, 0x11,
0x11, 0x11, 0x19, 0x19, 0x19, 0x19, 0x19, 0x19, 0x18, 0x10,
0x10, 0x10, 0x10, 0x18, 0x18, 0x18, 0x18, 0x18, 0x18, 0x18,
0x18, 0x18, 0x18, 0x18, 0x19, 0x11, 0x11, 0x11, 0x11, 0x10,
0x10, 0x12, 0x12, 0x12, 0x12, 0x12, 0x12, 0x10, 0x10, 0x10,
0x10, 0x12, 0x16, 0x16, 0x16, 0x16, 0x16, 0x16, 0x16, 0x16,
0x16, 0x16, 0x16, 0x16, 0x16, 0x10, 0x10, 0x10, 0x10, 0x10,
0x10, 0x10, 0x14, 0x16, 0x16, 0x16, 0x16, 0x16, 0x16, 0x12,
0x10, 0x10, 0x10, 0x10, 0x10, 0x10, 0x10, 0x10, 0x10, 0x10,
0x10, 0x10, 0x10, 0x10, 0x10, 0x10, 0x10, 0x10, 0x10, 0x10,
0x10, 0x10, 0x10, 0x10, 0x10, 0x10, 0x10, 0x10, 0x10, 0x10,
0x10, 0x10, 0x10, 0x10, 0x10, 0x10, 0x10, 0x10, 0x10, 0x10,
0x10, 0x10, 0x10, 0x10, 0x10, 0x10, 0x10, 0x10, 0x10, 0x10,
0x10, 0x10, 0x10, 0x10, 0x10, 0x10, 0x10, 0x10, 0x10, 0x10,
0x10, 0x10, 0x10, 0x10, 0x10, 0x10, 0x10, 0x10, 0x10, 0x10,
0x10, 0x10, 0x10, 0x10, 0x10, 0x10, 0x10, 0x10, 0x10, 0x10,
0x10, 0x10, 0x10, 0x10, 0x10, 0x10, 0x10, 0x10, 0x10, 0x10,
0x10, 0x10, 0x10, 0x10, 0x10, 0x10, 0x10, 0x10, 0x10, 0x10,
0x10, 0x10, 0x10, 0x10, 0x10, 0x10, 0x10, 0x10, 0x10, 0x10,
0x10, 0x10, 0x10, 0x10, 0x10, 0x10, 0x10, 0x10, 0x10, 0x10,
0x10, 0x10, 0x10, 0x10, 0x10, 0x10, 0x10, 0x10, 0x10, 0x10,
0x10, 0x10, 0x10, 0x10, 0x10, 0x10, 0x10, 0x10, 0x18, 0x18,
0x18, 0x18, 0x18, 0x18, 0x18, 0x18, 0x18, 0x18, 0x18, 0x18,
0x18, 0x18, 0x10, 0x10, 0x00, 0x00, 0x00, 0x00, 0x00, 0x00,
0x00, 0x00, 0x00, 0x00, 0x00, 0x00, 0x00, 0x00, 0x04, 0x04,
0x04, 0x04, 0x04, 0x05, 0x05, 0x05, 0x05, 0x05, 0x01, 0x01,
0x01, 0x01, 0x01, 0x01, 0x01, 0x01, 0x01, 0x01, 0x01, 0x01,
0x01, 0x01, 0x01, 0x01, 0x01, 0x01, 0x01, 0x01, 0x01, 0x01,
0x01, 0x00, 0x00, 0x00, 0x02, 0x02, 0x02, 0x02, 0x02, 0x02,
0x02, 0x02, 0x02, 0x02, 0x02, 0x00, 0x00, 0x00, 0x00, 0x00,
0x00, 0x00, 0x00, 0x00, 0x00, 0x00, 0x00, 0x00, 0x00, 0x00,
0x00, 0x00, 0x00, 0x00, 0x00, 0x00, 0x00, 0x00, 0x00, 0x00,
0x00, 0x00, 0x00, 0x00, 0x00, 0x00, 0x00, 0x00, 0x00, 0x00,
0x00, 0x00, 0x00, 0x00, 0x00, 0x00, 0x00, 0x00, 0x00, 0x00,
0x00, 0x00, 0x00, 0x00, 0x00, 0x00, 0x00, 0x00, 0x00, 0x00,
0x00, 0x10, 0x10, 0x10, 0x10, 0x10, 0x10, 0x10, 0x10, 0x10,
0x10, 0x18, 0x18, 0x18, 0x18, 0x18, 0x18, 0x18, 0x18, 0x18,
0x18, 0x18, 0x18, 0x18, 0x18, 0x1C, 0x14, 0x14, 0x14, 0x14,
0x14, 0x14, 0x14, 0x14, 0x14, 0x14, 0x14, 0x14, 0x14, 0x14,
0x14, 0x14, 0x14, 0x14, 0x14, 0x14, 0x14, 0x14, 0x14, 0x14,
0x15, 0x1D, 0x19, 0x19, 0x19, 0x18, 0x18, 0x18, 0x18, 0x18,
0x18, 0x18, 0x18, 0x18, 0x18, 0x10, 0x14, 0x14, 0x14, 0x10,
0x12, 0x12, 0x12, 0x12, 0x12, 0x12, 0x12, 0x12, 0x12, 0x12,
0x12, 0x12, 0x1A, 0x18, 0x18, 0x18, 0x18, 0x18, 0x18, 0x18,
0x18, 0x18, 0x19, 0x19, 0x11, 0x11, 0x11, 0x10, 0x10, 0x10,
0x12, 0x12, 0x16, 0x14, 0x14, 0x14, 0x14, 0x14, 0x14, 0x14,
0x14, 0x14, 0x14, 0x10, 0x10, 0x10, 0x18, 0x18, 0x18, 0x18,
0x18, 0x18, 0x18, 0x18, 0x18, 0x18, 0x18, 0x10, 0x10, 0x14,
0x14, 0x14, 0x14, 0x14, 0x14, 0x14, 0x14, 0x14, 0x14, 0x14,
0x14, 0x14, 0x14, 0x14, 0x14, 0x14, 0x10, 0x18, 0x18, 0x18,
0x08, 0x00, 0x00, 0x02, 0x02, 0x02, 0x02, 0x02, 0x02, 0x02,
0x02, 0x02, 0x0A, 0x08, 0x08, 0x08, 0x08, 0x08, 0x08, 0x08,
0x08, 0x08, 0x09, 0x09, 0x09, 0x09, 0x01, 0x01, 0x01, 0x01,
0x01, 0x05, 0x04, 0x04, 0x04, 0x04, 0x04, 0x04, 0x04, 0x04,
0x04, 0x04, 0x04, 0x02, 0x02, 0x02, 0x0A, 0x08, 0x08, 0x08,
0x08, 0x08, 0x08, 0x09, 0x01, 0x01, 0x01, 0x01, 0x04, 0x04,
0x04, 0x04, 0x04, 0x04, 0x04, 0x04, 0x06, 0x06, 0x02, 0x02,
0x02, 0x02, 0x04, 0x04, 0x00, 0x01, 0x01, 0x01, 0x00, 0x00,
0x00, 0x00, 0x00, 0x00, 0x00, 0x00, 0x00, 0x00, 0x00, 0x00,
0x00, 0x00, 0x00, 0x00, 0x00, 0x00, 0x00, 0x00, 0x00, 0x00,
0x00, 0x00, 0x00, 0x00, 0x00, 0x00, 0x00, 0x10, 0x10, 0x10,
0x10, 0x10, 0x10, 0x10, 0x10, 0x18, 0x18, 0x18, 0x18, 0x18,
0x18, 0x19, 0x19, 0x11, 0x11, 0x15, 0x15, 0x15, 0x15, 0x15,
0x15, 0x15, 0x14, 0x14, 0x10, 0x10, 0x10, 0x18, 0x18, 0x19,
0x19, 0x11, 0x11, 0x10, 0x10, 0x10, 0x10, 0x10, 0x14, 0x14,
0x14, 0x10, 0x10, 0x10, 0x10, 0x10, 0x10, 0x10, 0x10, 0x18,
0x18, 0x18, 0x18, 0x10, 0x14, 0x14, 0x14, 0x14, 0x15, 0x11,
0x11, 0x11, 0x11, 0x11, 0x10, 0x11, 0x11, 0x10, 0x10, 0x10,
0x10, 0x10, 0x10, 0x10, 0x10, 0x10, 0x10, 0x10, 0x10, 0x10,
0x10, 0x10, 0x10, 0x10, 0x10, 0x10, 0x10, 0x10, 0x10, 0x10,
0x10, 0x10, 0x10, 0x10, 0x10, 0x10, 0x10, 0x10, 0x10, 0x11,
0x11, 0x11, 0x11, 0x11, 0x11, 0x11, 0x11, 0x11, 0x11, 0x11,
0x11, 0x11, 0x11, 0x11, 0x11, 0x11, 0x11, 0x11, 0x10, 0x10,
0x10, 0x12, 0x12, 0x12, 0x12, 0x12, 0x12, 0x12, 0x12, 0x18,
0x18, 0x18, 0x18, 0x10, 0x10, 0x10, 0x10, 0x10, 0x10, 0x10,
0x10, 0x10, 0x10, 0x14, 0x14, 0x14, 0x10, 0x10, 0x10, 0x12,
0x12, 0x12, 0x12, 0x12, 0x10, 0x10, 0x10, 0x10, 0x10, 0x10,
0x11, 0x11, 0x11, 0x11, 0x11, 0x10, 0x10, 0x14, 0x16, 0x16,
0x14, 0x10, 0x10, 0x10, 0x10, 0x10, 0x10, 0x10, 0x10, 0x18,
0x18, 0x18, 0x10, 0x10, 0x10, 0x10, 0x10, 0x14, 0x14, 0x14,
0x14, 0x14, 0x14, 0x10, 0x10, 0x10, 0x10, 0x10, 0x10, 0x10,
0x10, 0x10, 0x10, 0x11, 0x11, 0x11, 0x11, 0x11, 0x11, 0x11,
0x11, 0x11, 0x10, 0x10, 0x10, 0x10, 0x10, 0x10, 0x10, 0x10,
0x10, 0x10, 0x18, 0x18, 0x18, 0x18, 0x18, 0x18, 0x18, 0x18,
0x10, 0x10, 0x10, 0x10, 0x10, 0x10, 0x10, 0x10, 0x10, 0x14,
0x14, 0x14, 0x14, 0x14, 0x14, 0x14, 0x14, 0x14, 0x16, 0x16,
0x16, 0x16, 0x14, 0x18, 0x18, 0x18, 0x18, 0x18, 0x18, 0x18,
0x18, 0x18, 0x18, 0x18, 0x1C, 0x14, 0x14, 0x14, 0x14, 0x14,
0x14, 0x14, 0x14, 0x14, 0x14, 0x14, 0x14, 0x15, 0x15, 0x11,
0x11, 0x11, 0x11, 0x11, 0x11, 0x11, 0x19, 0x18, 0x18, 0x18,
0x18, 0x18, 0x18, 0x18, 0x18, 0x18, 0x18, 0x18, 0x18, 0x18,
0x18, 0x18, 0x18, 0x18, 0x18, 0x1A, 0x16, 0x16, 0x16, 0x16,
0x16, 0x16, 0x1A, 0x1A, 0x18, 0x18, 0x18, 0x18, 0x18, 0x18,
0x18, 0x18, 0x18, 0x18, 0x18, 0x1C, 0x14, 0x14, 0x14, 0x14,
0x14, 0x14, 0x16, 0x16, 0x16, 0x12, 0x12, 0x12, 0x1A, 0x1A,
0x18, 0x18, 0x18, 0x10, 0x14, 0x14, 0x14, 0x14, 0x14, 0x14,
0x1C, 0x18, 0x18, 0x18, 0x18, 0x1C, 0x1C, 0x14, 0x14, 0x14,
0x14, 0x14, 0x14, 0x14, 0x10, 0x10, 0x10, 0x18, 0x18, 0x18,
0x18, 0x10, 0x14, 0x14, 0x14, 0x12, 0x12, 0x12, 0x10, 0x10,
0x10, 0x10, 0x10, 0x10, 0x10, 0x10, 0x10, 0x11, 0x11, 0x11,
0x11, 0x11, 0x11, 0x11, 0x11, 0x10, 0x10, 0x10, 0x10, 0x10,
0x12, 0x12, 0x12, 0x12, 0x12, 0x12, 0x12, 0x10, 0x10, 0x10,
0x14, 0x14, 0x14, 0x14, 0x14, 0x18, 0x18, 0x18, 0x18, 0x18,
0x18, 0x18, 0x18, 0x14, 0x14, 0x14, 0x14, 0x14, 0x14, 0x14,
0x14, 0x14, 0x14, 0x10, 0x10, 0x18, 0x18, 0x18, 0x18, 0x18,
0x18, 0x18, 0x18, 0x10, 0x14, 0x14, 0x14, 0x14, 0x14, 0x14,
0x14, 0x14, 0x18, 0x18, 0x18, 0x18, 0x18, 0x18, 0x18, 0x18,
0x1C, 0x14, 0x14, 0x14, 0x14, 0x14, 0x14, 0x14, 0x10, 0x10,
0x10, 0x10, 0x10, 0x18, 0x18, 0x18, 0x18, 0x18, 0x18, 0x18,
0x18, 0x18, 0x18, 0x18, 0x18, 0x18, 0x18, 0x19, 0x19, 0x19,
0x11, 0x11, 0x15, 0x14, 0x14, 0x14, 0x14, 0x16, 0x16, 0x16,
0x16, 0x14, 0x14, 0x14, 0x14, 0x14, 0x14, 0x14, 0x14, 0x14,
0x14, 0x14, 0x14, 0x14, 0x18, 0x18, 0x18, 0x18, 0x18, 0x18,
0x18, 0x18, 0x18, 0x18, 0x18, 0x1C, 0x14, 0x14, 0x14, 0x14,
0x14, 0x14, 0x14, 0x14, 0x14, 0x18, 0x18, 0x18, 0x18, 0x18,
0x18, 0x18, 0x1C, 0x1C, 0x14, 0x14, 0x14, 0x14, 0x16, 0x16,
0x12, 0x12, 0x18, 0x18, 0x18, 0x18, 0x18, 0x18, 0x18, 0x18,
0x1C, 0x14, 0x14, 0x14, 0x14, 0x14, 0x1C, 0x18, 0x18, 0x18,
0x18, 0x18, 0x18, 0x1C, 0x14, 0x14, 0x14, 0x14, 0x14, 0x14,
0x1C, 0x18, 0x18, 0x18, 0x18, 0x18, 0x1C, 0x1C, 0x14, 0x14,
0x14, 0x14, 0x14, 0x1C, 0x18, 0x18, 0x18, 0x18, 0x18, 0x18,
0x1C, 0x14, 0x14, 0x14, 0x1C, 0x1C, 0x18, 0x18, 0x18, 0x18,
0x1C, 0x14, 0x14, 0x14, 0x14, 0x1C, 0x1C, 0x18, 0x18, 0x1C,
0x1C, 0x14, 0x14, 0x14, 0x14, 0x14, 0x14, 0x1C, 0x18, 0x18,
0x18, 0x18, 0x1C, 0x1C, 0x14, 0x14, 0x14, 0x14, 0x14, 0x14,
0x14, 0x14, 0x14, 0x18, 0x18, 0x18, 0x18, 0x18, 0x18, 0x18,
0x18, 0x18, 0x18, 0x18, 0x18, 0x18, 0x18, 0x18, 0x18, 0x18,
0x18, 0x18, 0x18, 0x18, 0x1C, 0x14, 0x14, 0x14, 0x14, 0x14,
0x14, 0x14, 0x14, 0x14, 0x14, 0x14, 0x14, 0x15, 0x11, 0x11,
0x11, 0x11, 0x11, 0x11, 0x10, 0x18, 0x18, 0x18, 0x18, 0x18,
0x18, 0x18, 0x1C, 0x14, 0x14, 0x14, 0x14, 0x14, 0x14, 0x14,
0x14, 0x14, 0x14, 0x14, 0x14, 0x14, 0x16, 0x1A, 0x1A, 0x18,
0x18, 0x18, 0x18, 0x18, 0x18, 0x18, 0x18, 0x1C, 0x1C, 0x14,
0x14, 0x14, 0x14, 0x14, 0x1C, 0x18, 0x18, 0x18, 0x18, 0x18,
0x18, 0x18, 0x18, 0x18, 0x18, 0x1C, 0x14, 0x14, 0x14, 0x14,
0x14, 0x14, 0x14, 0x14, 0x14, 0x14, 0x1C, 0x18, 0x18, 0x18,
0x18, 0x18, 0x18, 0x1C, 0x1C, 0x14, 0x14, 0x14, 0x14, 0x14,
0x14, 0x14, 0x1C, 0x18, 0x18, 0x18, 0x18, 0x18, 0x1C, 0x1C,
0x14, 0x14, 0x14, 0x14, 0x14, 0x14, 0x18, 0x18, 0x18, 0x18,
0x18, 0x18, 0x18, 0x1C, 0x14, 0x14, 0x14, 0x14, 0x14, 0x14,
0x14, 0x10, 0x12, 0x12, 0x12, 0x10, 0x10, 0x18, 0x18, 0x18,
0x18, 0x18, 0x10, 0x10, 0x10, 0x10, 0x10, 0x10, 0x10, 0x10,
0x10, 0x10, 0x10, 0x12, 0x12, 0x10, 0x10, 0x10, 0x10, 0x10,
0x10, 0x10, 0x18, 0x18, 0x18, 0x18, 0x18, 0x18, 0x19, 0x19,
0x11, 0x11, 0x11, 0x10, 0x14, 0x14, 0x14, 0x14, 0x14, 0x14,
0x10, 0x10, 0x10, 0x18, 0x18, 0x18, 0x18, 0x18, 0x18, 0x1C,
0x14, 0x14, 0x14, 0x14, 0x14, 0x14, 0x14, 0x18, 0x18, 0x18,
0x18, 0x18, 0x1C, 0x14, 0x14, 0x14, 0x14, 0x10, 0x10, 0x10,
0x10, 0x18, 0x18, 0x18, 0x18, 0x18, 0x18, 0x18, 0x18, 0x10,
0x10, 0x14, 0x14, 0x14, 0x14, 0x14, 0x14, 0x14, 0x14, 0x14,
0x14, 0x14, 0x14, 0x14, 0x10, 0x10, 0x18, 0x18, 0x18, 0x18,
0x18, 0x18, 0x10, 0x10, 0x10, 0x10, 0x10, 0x10, 0x10, 0x10,
0x10, 0x10, 0x10, 0x10, 0x14, 0x14, 0x14, 0x14, 0x14, 0x14,
0x14, 0x14, 0x10, 0x10, 0x10, 0x10, 0x10, 0x10, 0x10, 0x10,
0x10, 0x10, 0x11, 0x11, 0x11, 0x11, 0x11, 0x11, 0x11, 0x11,
0x11, 0x11, 0x11, 0x11, 0x10, 0x10, 0x18, 0x10, 0x10, 0x10,
0x10, 0x10, 0x12, 0x12, 0x10, 0x10, 0x10, 0x10, 0x10, 0x10,
0x12, 0x12, 0x12, 0x10, 0x10, 0x10, 0x10, 0x10, 0x10, 0x10,
0x10, 0x10, 0x10, 0x10, 0x10, 0x10, 0x10, 0x10, 0x12, 0x12,
0x12, 0x12, 0x12, 0x12, 0x12, 0x12, 0x10, 0x10, 0x10, 0x10,
0x10, 0x10, 0x10, 0x10, 0x10, 0x11, 0x11, 0x11, 0x11, 0x11,
0x11, 0x11, 0x11, 0x11, 0x11, 0x11, 0x11, 0x19, 0x19, 0x18,
0x18, 0x18, 0x18, 0x18, 0x18, 0x10, 0x10, 0x10, 0x10, 0x10,
0x10, 0x10, 0x10, 0x10, 0x10, 0x10, 0x10, 0x10, 0x10, 0x10,
0x10, 0x14, 0x14, 0x14, 0x14, 0x14, 0x14, 0x14, 0x14, 0x14,
0x10, 0x10, 0x11, 0x11, 0x11, 0x11, 0x11, 0x10, 0x18, 0x18,
0x10, 0x10, 0x10, 0x10, 0x10, 0x10, 0x10, 0x18, 0x18, 0x18,
0x18, 0x18, 0x18, 0x18, 0x1A, 0x1A, 0x1A, 0x12, 0x12, 0x12,
0x12, 0x12, 0x12, 0x12, 0x12, 0x12, 0x10, 0x10, 0x10, 0x14,
0x14, 0x14, 0x14, 0x14, 0x14, 0x10, 0x10, 0x18, 0x18, 0x18,
0x18, 0x18, 0x18, 0x18, 0x18, 0x18, 0x18, 0x18, 0x18, 0x10,
0x10, 0x10, 0x10, 0x14, 0x14, 0x14, 0x14, 0x14, 0x14, 0x14,
0x14, 0x14, 0x14, 0x14, 0x14, 0x14, 0x14, 0x14, 0x14, 0x14,
0x10, 0x10, 0x10, 0x10, 0x18, 0x18, 0x18, 0x1A, 0x1A, 0x1A,
0x1A, 0x1A, 0x1A, 0x1A, 0x1A, 0x18, 0x18, 0x18, 0x18, 0x10,
0x10, 0x10, 0x14, 0x14, 0x14, 0x14, 0x14, 0x14, 0x14, 0x14,
0x14, 0x14, 0x14, 0x14, 0x14, 0x14, 0x14, 0x14, 0x10, 0x18,
0x18, 0x18, 0x18, 0x18, 0x18, 0x18, 0x18, 0x18, 0x10, 0x10,
0x14, 0x14, 0x14, 0x14, 0x14, 0x10, 0x10, 0x10, 0x10, 0x10,
0x10, 0x10, 0x10, 0x10, 0x10, 0x18, 0x18, 0x10, 0x14, 0x14,
0x14, 0x14, 0x14, 0x14, 0x14, 0x14, 0x10, 0x10, 0x11, 0x11,
0x11, 0x11, 0x19, 0x18, 0x18, 0x18, 0x18, 0x18, 0x18, 0x18,
0x18, 0x18, 0x10, 0x10, 0x10, 0x10, 0x10, 0x10, 0x10, 0x10,
0x10, 0x10, 0x10, 0x10, 0x10, 0x10, 0x10, 0x10, 0x10, 0x10,
0x10, 0x10, 0x10, 0x10, 0x10, 0x10, 0x10, 0x10, 0x10, 0x10,
0x10, 0x10, 0x10, 0x10, 0x10, 0x10, 0x10, 0x10, 0x14, 0x14,
0x14, 0x14, 0x14, 0x14, 0x14, 0x14, 0x14, 0x10, 0x10, 0x10,
0x10, 0x10, 0x10, 0x10, 0x10, 0x10, 0x10, 0x10, 0x18, 0x18,
0x18, 0x18, 0x18, 0x18, 0x10, 0x10, 0x10, 0x10, 0x12, 0x12,
0x12, 0x12, 0x12, 0x10, 0x10, 0x18, 0x18, 0x18, 0x18, 0x18,
0x18, 0x18, 0x18, 0x10, 0x14, 0x14, 0x14, 0x14, 0x10, 0x10,
0x10, 0x10, 0x10, 0x10, 0x10, 0x10, 0x10, 0x10, 0x18, 0x18,
0x18, 0x18, 0x10, 0x14, 0x14, 0x14, 0x14, 0x14, 0x10, 0x10,
0x18, 0x18, 0x18, 0x10, 0x10, 0x14, 0x14, 0x14, 0x14, 0x14,
0x14, 0x10, 0x10, 0x10, 0x10, 0x10, 0x14, 0x14, 0x14, 0x14,
0x10, 0x10, 0x10, 0x10, 0x10, 0x10, 0x10, 0x10, 0x10, 0x10,
0x10, 0x10, 0x10, 0x10, 0x10, 0x10, 0x10, 0x10, 0x10, 0x10,
0x10, 0x10, 0x10, 0x11, 0x19, 0x19, 0x19, 0x19, 0x19, 0x11,
0x11, 0x11, 0x11, 0x11, 0x11, 0x11, 0x14, 0x14, 0x14, 0x14,
0x10, 0x10, 0x10, 0x10, 0x10, 0x10, 0x10, 0x10, 0x10, 0x18,
0x18, 0x18, 0x18, 0x18, 0x18, 0x18, 0x18, 0x18, 0x18, 0x18,
0x18, 0x18, 0x18, 0x18, 0x19, 0x19, 0x11, 0x11, 0x11, 0x11,
0x11, 0x11, 0x11, 0x14, 0x14, 0x14, 0x14, 0x14, 0x14, 0x14,
0x12, 0x10, 0x10, 0x10, 0x10, 0x10, 0x10, 0x10, 0x10, 0x10,
0x10, 0x12, 0x12, 0x12, 0x12, 0x12, 0x12, 0x12, 0x12, 0x12,
0x12, 0x12, 0x10, 0x10, 0x10, 0x10, 0x10, 0x14, 0x14, 0x14,
0x14, 0x10, 0x10, 0x10, 0x10, 0x10, 0x10, 0x14, 0x14, 0x10,
0x10, 0x10, 0x10, 0x19, 0x19, 0x19, 0x19, 0x19, 0x19, 0x19,
0x19, 0x19, 0x19, 0x19, 0x19, 0x10, 0x10, 0x10, 0x10, 0x10,
0x10, 0x10, 0x10, 0x10, 0x10, 0x10, 0x10, 0x10, 0x10, 0x10,
0x10, 0x10, 0x10, 0x10, 0x10, 0x10, 0x10, 0x10, 0x10, 0x10,
0x10, 0x10, 0x10, 0x10, 0x10, 0x10, 0x10, 0x10, 0x11, 0x11,
0x11, 0x11, 0x11, 0x11, 0x11, 0x11, 0x11, 0x11, 0x11, 0x11,
0x11, 0x11, 0x11, 0x11, 0x11, 0x14, 0x15, 0x11, 0x11, 0x10,
0x10, 0x10, 0x10, 0x10, 0x10, 0x11, 0x11, 0x11, 0x11, 0x11,
0x11, 0x10, 0x10, 0x10, 0x10, 0x10, 0x10, 0x10, 0x10, 0x10,
0x12, 0x12, 0x12, 0x12, 0x10, 0x10, 0x10, 0x10, 0x10, 0x10,
0x10, 0x10, 0x10, 0x10, 0x10, 0x10, 0x10, 0x10, 0x10, 0x10,
0x10, 0x10, 0x10, 0x14, 0x14, 0x14, 0x14, 0x14, 0x14, 0x14,
0x14, 0x14, 0x14, 0x14, 0x10, 0x10, 0x18, 0x18, 0x18, 0x18,
0x18, 0x18, 0x18, 0x18, 0x18, 0x18, 0x18, 0x18, 0x18, 0x18,
0x18, 0x18, 0x18, 0x10, 0x10, 0x12, 0x12, 0x12, 0x12, 0x12,
0x12, 0x12, 0x12, 0x12, 0x12, 0x12, 0x10, 0x10, 0x10, 0x10,
0x10, 0x10, 0x10, 0x10, 0x10, 0x10, 0x10, 0x10, 0x10, 0x10,
0x10, 0x10, 0x10, 0x10, 0x10, 0x10, 0x10, 0x10, 0x10, 0x10,
0x10, 0x10, 0x10, 0x10, 0x10, 0x10, 0x10, 0x10, 0x10, 0x10,
0x10, 0x10, 0x10, 0x10, 0x10, 0x10, 0x10, 0x10, 0x10, 0x10,
0x10, 0x10, 0x12, 0x12, 0x12, 0x12, 0x12, 0x12, 0x12, 0x12,
0x12, 0x10, 0x10, 0x10, 0x10, 0x10, 0x10, 0x14, 0x14, 0x14,
0x14, 0x14, 0x14, 0x14, 0x14, 0x10, 0x10, 0x10, 0x10, 0x10,
0x10, 0x10, 0x10, 0x10, 0x10, 0x10, 0x10, 0x10, 0x14, 0x14,
0x14, 0x14, 0x04, 0x04, 0x04, 0x04, 0x04, 0x00, 0x00, 0x00,
0x00, 0x00, 0x01, 0x01, 0x01, 0x01, 0x01, 0x01, 0x01, 0x01,
0x01, 0x01, 0x00, 0x00, 0x00, 0x00, 0x00, 0x00, 0x00, 0x00,
0x00, 0x02, 0x02, 0x02, 0x02, 0x02, 0x02, 0x02, 0x02, 0x00,
0x00, 0x00, 0x00, 0x00, 0x00, 0x00, 0x00, 0x00, 0x00, 0x00,
0x00, 0x00, 0x00, 0x00, 0x00, 0x00, 0x00, 0x00, 0x00, 0x00,
0x00, 0x00, 0x02, 0x02, 0x02, 0x02, 0x02, 0x02, 0x00, 0x00,
0x00, 0x01, 0x01, 0x01, 0x01, 0x01, 0x01, 0x01, 0x01, 0x01,
0x01, 0x09, 0x09, 0x09, 0x09, 0x08, 0x08, 0x08, 0x08, 0x08,
0x08, 0x08, 0x00, 0x00, 0x00, 0x00, 0x00, 0x00, 0x00, 0x02,
0x02, 0x0A, 0x0A, 0x0A, 0x0A, 0x0A, 0x0A, 0x0A, 0x0A, 0x0A,
0x08, 0x08, 0x08, 0x08, 0x08, 0x08, 0x08, 0x08, 0x08, 0x08,
0x0A, 0x0A, 0x0A, 0x0A, 0x0A, 0x0A, 0x0A, 0x0A, 0x0A, 0x02,
0x00, 0x00, 0x00, 0x00, 0x00, 0x00, 0x00, 0x00, 0x00, 0x00,
0x00, 0x00, 0x00, 0x00, 0x00, 0x00, 0x00, 0x00, 0x00, 0x00,
0x00, 0x00, 0x00, 0x00, 0x00, 0x00, 0x00, 0x00, 0x00, 0x00,
0x00, 0x00, 0x00, 0x00, 0x00, 0x00, 0x00, 0x00, 0x00, 0x00,
0x00, 0x00, 0x00, 0x00, 0x00, 0x00, 0x00, 0x00, 0x00, 0x00,
0x00, 0x00, 0x00, 0x00, 0x00, 0x00, 0x00, 0x00, 0x00, 0x00,
0x00, 0x00, 0x00, 0x00, 0x00, 0x00, 0x00, 0x00, 0x00, 0x00,
0x00, 0x00, 0x00, 0x00, 0x00, 0x01, 0x01, 0x01, 0x01, 0x01,
0x01, 0x01, 0x01, 0x01, 0x01, 0x01, 0x01, 0x01, 0x01, 0x01,
0x00, 0x00, 0x00, 0x00, 0x00, 0x00, 0x00, 0x00, 0x00, 0x00,
0x00, 0x00, 0x00, 0x00, 0x00, 0x00, 0x00, 0x00, 0x00, 0x00,
0x00, 0x00, 0x00, 0x00, 0x00, 0x00, 0x00, 0x00, 0x00, 0x00,
0x00, 0x00, 0x00, 0x08, 0x08, 0x08, 0x08, 0x08, 0x08, 0x08,
0x08, 0x08, 0x08, 0x08, 0x08, 0x09, 0x09, 0x09, 0x01, 0x01,
0x01, 0x01, 0x01, 0x01, 0x01, 0x01, 0x01, 0x00, 0x00, 0x00,
0x00, 0x01, 0x01, 0x01, 0x01, 0x01, 0x01, 0x00, 0x00, 0x00,
0x00, 0x00, 0x00, 0x00, 0x00, 0x00, 0x00, 0x00, 0x00, 0x00,
0x00, 0x00, 0x00, 0x00, 0x00, 0x02, 0x02, 0x02, 0x02, 0x00,
0x00, 0x00, 0x00, 0x00, 0x00, 0x00, 0x00, 0x00, 0x00, 0x00,
0x02, 0x02, 0x02, 0x02, 0x02, 0x02, 0x02, 0x02, 0x02, 0x02,
0x02, 0x02, 0x02, 0x02, 0x02, 0x02, 0x02, 0x02, 0x02, 0x00,
0x00, 0x00, 0x00, 0x00, 0x00, 0x00, 0x00, 0x00, 0x00, 0x00,
0x00, 0x00, 0x00, 0x00, 0x00, 0x00, 0x00, 0x00, 0x08, 0x08,
0x08, 0x08, 0x08, 0x08, 0x08, 0x08, 0x08, 0x08, 0x00, 0x00,
0x00, 0x00, 0x00, 0x00, 0x00, 0x00, 0x00, 0x00, 0x00, 0x00,
0x00, 0x00, 0x00, 0x00, 0x00, 0x00, 0x00, 0x00, 0x00, 0x00,
0x00, 0x00, 0x00, 0x00, 0x00, 0x00, 0x00, 0x00, 0x00, 0x00,
0x00, 0x00, 0x00, 0x00, 0x00, 0x00, 0x00, 0x00, 0x00, 0x00,
0x00, 0x00, 0x00, 0x00, 0x00, 0x00, 0x00, 0x00, 0x00, 0x00,
0x00, 0x00, 0x00, 0x00, 0x00, 0x00, 0x00, 0x00, 0x00, 0x00,
0x00, 0x00, 0x00, 0x00, 0x00, 0x00, 0x00, 0x00, 0x00, 0x00,
0x00, 0x00, 0x00, 0x00, 0x00, 0x00, 0x00, 0x00, 0x00, 0x00,
0x00, 0x00, 0x00, 0x00, 0x00, 0x00, 0x00, 0x00, 0x00, 0x00,
0x00, 0x00, 0x00, 0x00, 0x00, 0x00, 0x00, 0x00, 0x00, 0x00,
0x00, 0x00, 0x00, 0x00, 0x01, 0x01, 0x01, 0x01, 0x01, 0x01,
0x01, 0x01, 0x00, 0x00, 0x00, 0x00, 0x00, 0x00, 0x01, 0x01,
0x01, 0x01, 0x01, 0x01, 0x00, 0x00, 0x00, 0x00, 0x00, 0x01,
0x01, 0x01, 0x01, 0x01, 0x01, 0x01, 0x01, 0x01, 0x01, 0x00,
0x00, 0x02, 0x02, 0x02, 0x02, 0x02, 0x02, 0x02, 0x02, 0x02,
0x02, 0x02, 0x02, 0x02, 0x02, 0x02, 0x02, 0x02, 0x02, 0x02,
0x02, 0x02, 0x02, 0x02, 0x02, 0x02, 0x02, 0x02, 0x02, 0x02,
0x02, 0x02, 0x00, 0x00, 0x00, 0x00, 0x00, 0x01, 0x01, 0x01,
0x01, 0x01, 0x01, 0x01, 0x01, 0x01, 0x01, 0x01, 0x01, 0x01,
0x01, 0x01, 0x01, 0x01, 0x01, 0x00, 0x00, 0x00, 0x00, 0x00,
0x00, 0x00, 0x00, 0x00, 0x00, 0x00, 0x00, 0x00, 0x00, 0x00,
0x00, 0x00, 0x00, 0x00, 0x00, 0x00, 0x00, 0x00, 0x02, 0x02,
0x02, 0x02, 0x00, 0x00, 0x00, 0x00, 0x02, 0x02, 0x02, 0x02,
0x02, 0x02, 0x00, 0x00, 0x00, 0x00, 0x00, 0x00, 0x00, 0x01,
0x01, 0x01, 0x01, 0x01, 0x01, 0x01, 0x01, 0x01, 0x00, 0x00,
0x00, 0x00, 0x02, 0x02, 0x02, 0x02, 0x02, 0x02, 0x02, 0x00,
0x00, 0x00, 0x00, 0x00, 0x00, 0x00, 0x00, 0x02, 0x02, 0x02,
0x02, 0x02, 0x02, 0x02, 0x02, 0x02, 0x02, 0x02, 0x02, 0x00,
0x00, 0x00, 0x00, 0x00, 0x00, 0x00, 0x00, 0x00, 0x00, 0x00,
0x00, 0x00, 0x00, 0x00, 0x00, 0x00, 0x00, 0x00, 0x00, 0x00,
0x00, 0x00, 0x00, 0x00, 0x00, 0x00, 0x00, 0x00, 0x00, 0x00,
0x00, 0x00, 0x00, 0x00, 0x00, 0x00, 0x00, 0x00, 0x00, 0x00,
0x00, 0x00, 0x00, 0x00, 0x00, 0x00, 0x00, 0x00, 0x00, 0x00,
0x00, 0x00, 0x00, 0x00, 0x00, 0x00, 0x00, 0x00, 0x00, 0x00,
0x00, 0x00, 0x00, 0x00, 0x00, 0x08, 0x08, 0x08, 0x08, 0x08,
0x08, 0x08, 0x08, 0x08, 0x08, 0x08, 0x08, 0x08, 0x08, 0x08,
0x09, 0x09, 0x09, 0x09, 0x09, 0x09, 0x08, 0x00, 0x00, 0x00,
0x00, 0x00, 0x00, 0x00, 0x00, 0x00, 0x00, 0x00, 0x00, 0x00,
0x00, 0x00, 0x00, 0x00, 0x00, 0x00, 0x00, 0x00, 0x00, 0x00,
0x04, 0x04, 0x04, 0x04, 0x04, 0x05, 0x05, 0x05, 0x05, 0x05,
0x05, 0x05, 0x01, 0x01, 0x01, 0x09, 0x08, 0x08, 0x08, 0x08,
0x08, 0x0A, 0x0A, 0x02, 0x02, 0x06, 0x06, 0x06, 0x06, 0x06,
0x06, 0x06, 0x04, 0x04, 0x04, 0x04, 0x05, 0x01, 0x01, 0x01,
0x01, 0x09, 0x09, 0x09, 0x08, 0x08, 0x08, 0x09, 0x09, 0x01,
0x05, 0x05, 0x05, 0x05, 0x05, 0x05, 0x05, 0x05, 0x05, 0x05,
0x04, 0x00, 0x00, 0x02, 0x02, 0x02, 0x02, 0x02, 0x02, 0x02,
0x02, 0x02, 0x0A, 0x0A, 0x08, 0x00, 0x00, 0x00, 0x00, 0x00,
0x01, 0x01, 0x01, 0x01, 0x01, 0x01, 0x01, 0x01, 0x01, 0x00,
0x00, 0x00, 0x00, 0x00, 0x00, 0x08, 0x08, 0x08, 0x08, 0x00,
0x09, 0x09, 0x01, 0x01, 0x01, 0x01, 0x01, 0x01, 0x01, 0x01,
0x01, 0x01, 0x00, 0x00, 0x00, 0x00, 0x02, 0x02, 0x02, 0x02,
0x02, 0x02, 0x02, 0x02, 0x02, 0x06, 0x04, 0x04, 0x04, 0x04,
0x04, 0x04, 0x04, 0x04, 0x04, 0x00, 0x00, 0x00, 0x02, 0x02,
0x02, 0x02, 0x02, 0x02, 0x02, 0x02, 0x02, 0x02, 0x02, 0x02,
0x0A, 0x0A, 0x0A, 0x08, 0x08, 0x08, 0x08, 0x08, 0x08, 0x08,
0x04, 0x04, 0x04, 0x04, 0x04, 0x04, 0x04, 0x04, 0x00, 0x08,
0x08, 0x08, 0x08, 0x08, 0x08, 0x08, 0x08, 0x04, 0x04, 0x04,
0x04, 0x04, 0x04, 0x00, 0x00, 0x00, 0x00, 0x00, 0x00, 0x00,
0x00, 0x04, 0x04, 0x04, 0x04, 0x04, 0x04, 0x04, 0x05, 0x01,
0x00, 0x00, 0x00, 0x00, 0x00, 0x00, 0x00, 0x00, 0x00, 0x00,
0x00, 0x00, 0x00, 0x00, 0x00, 0x00, 0x00, 0x00, 0x00, 0x00,
0x00, 0x00, 0x00, 0x00, 0x00, 0x00, 0x00, 0x00, 0x00, 0x00,
0x00, 0x00, 0x00, 0x00, 0x00, 0x00, 0x00, 0x01, 0x01, 0x01,
0x01, 0x01, 0x01, 0x01, 0x01, 0x01, 0x01, 0x01, 0x01, 0x01,
0x01, 0x01, 0x01, 0x01, 0x01, 0x01, 0x00, 0x00, 0x00, 0x08,
0x08, 0x08, 0x08, 0x08, 0x08, 0x08, 0x08, 0x08, 0x0A, 0x02,
0x02, 0x02, 0x02, 0x06, 0x04, 0x04, 0x04, 0x04, 0x04, 0x05,
0x01, 0x00, 0x00, 0x00, 0x00, 0x00, 0x00, 0x00, 0x02, 0x02,
0x02, 0x02, 0x02, 0x02, 0x06, 0x06, 0x04, 0x04, 0x04, 0x04,
0x04, 0x04, 0x05, 0x01, 0x01, 0x01, 0x09, 0x09, 0x09, 0x09,
0x09, 0x09, 0x09, 0x09, 0x09, 0x09, 0x08, 0x08, 0x08, 0x08,
0x0A, 0x0A, 0x0A, 0x02, 0x02, 0x06, 0x06, 0x06, 0x06, 0x06,
0x06, 0x04, 0x04, 0x04, 0x04, 0x04, 0x04, 0x04, 0x06, 0x02,
0x02, 0x02, 0x0A, 0x0A, 0x0A, 0x0A, 0x06, 0x06, 0x06, 0x04,
0x04, 0x04, 0x04, 0x04, 0x05, 0x05, 0x01, 0x01, 0x01, 0x01,
0x09, 0x08, 0x08, 0x08, 0x08, 0x08, 0x08, 0x09, 0x01, 0x05,
0x05, 0x05, 0x04, 0x04, 0x04, 0x02, 0x02, 0x02, 0x02, 0x00,
0x08, 0x08, 0x08, 0x08, 0x08, 0x08, 0x08, 0x08, 0x08, 0x08,
0x08, 0x08, 0x08, 0x08, 0x08, 0x08, 0x08, 0x08, 0x08, 0x08,
0x0A, 0x0A, 0x02, 0x02, 0x06, 0x06, 0x06, 0x06, 0x04, 0x04,
0x05, 0x05, 0x01, 0x01, 0x01, 0x01, 0x01, 0x01, 0x00, 0x00,
0x00, 0x00, 0x02, 0x02, 0x02, 0x02, 0x02, 0x02, 0x08, 0x08,
0x08, 0x08, 0x09, 0x09, 0x09, 0x09, 0x09, 0x01, 0x01, 0x01,
0x01, 0x01, 0x01, 0x01, 0x05, 0x05, 0x04, 0x04, 0x04, 0x04,
0x04, 0x04, 0x04, 0x04, 0x04, 0x04, 0x04, 0x04, 0x04, 0x04,
0x04, 0x04, 0x04, 0x06, 0x02, 0x02, 0x02, 0x02, 0x02, 0x02,
0x0A, 0x08, 0x08, 0x08, 0x08, 0x08, 0x08, 0x08, 0x08, 0x08,
0x08, 0x08, 0x08, 0x00, 0x04, 0x04, 0x04, 0x04, 0x04, 0x04,
0x04, 0x04, 0x04, 0x04, 0x04, 0x04, 0x04, 0x04, 0x04, 0x04,
0x04, 0x00, 0x00, 0x00, 0x00, 0x00, 0x00, 0x00, 0x00, 0x00,
0x00, 0x00, 0x00, 0x00, 0x00, 0x00, 0x00, 0x00, 0x00, 0x00,
0x00, 0x00, 0x00, 0x00, 0x00, 0x00, 0x00, 0x00, 0x00, 0x00,
0x00, 0x00, 0x00, 0x00, 0x00, 0x01, 0x01, 0x01, 0x01, 0x01,
0x01, 0x01, 0x01, 0x01, 0x00, 0x08, 0x08, 0x08, 0x08, 0x00,
0x02, 0x02, 0x02, 0x02, 0x00, 0x00, 0x00, 0x00, 0x01, 0x01,
0x01, 0x00, 0x00, 0x00, 0x00, 0x00, 0x00, 0x00, 0x00, 0x00,
0x01, 0x01, 0x01, 0x01, 0x00, 0x00, 0x00, 0x00, 0x00, 0x00,
0x00, 0x00, 0x00, 0x00, 0x00, 0x00, 0x00, 0x01, 0x01, 0x01,
0x01, 0x01, 0x01, 0x05, 0x05, 0x04, 0x04, 0x04, 0x04, 0x04,
0x06, 0x06, 0x06, 0x06, 0x06, 0x06, 0x06, 0x06, 0x06, 0x02,
0x0A, 0x0A, 0x0A, 0x0A, 0x0A, 0x0A, 0x0A, 0x0A, 0x0A, 0x0A,
0x0A, 0x0A, 0x08, 0x08, 0x08, 0x08, 0x09, 0x01, 0x01, 0x01,
0x05, 0x05, 0x04, 0x04, 0x04, 0x04, 0x04, 0x04, 0x05, 0x01,
0x01, 0x01, 0x01, 0x01, 0x01, 0x01, 0x09, 0x09, 0x09, 0x08,
0x08, 0x08, 0x08, 0x08, 0x08, 0x08, 0x08, 0x08, 0x08, 0x08,
0x0A, 0x0A, 0x02, 0x02, 0x02, 0x02, 0x02, 0x02, 0x02, 0x02,
0x00, 0x00, 0x08, 0x08, 0x08, 0x08, 0x08, 0x0A, 0x02, 0x02,
0x06, 0x06, 0x06, 0x04, 0x04, 0x04, 0x04, 0x04, 0x04, 0x04,
0x04, 0x04, 0x04, 0x04, 0x04, 0x04, 0x04, 0x04, 0x04, 0x05,
0x01, 0x01, 0x01, 0x01, 0x01, 0x01, 0x01, 0x00, 0x00, 0x00,
0x00, 0x00, 0x00, 0x00, 0x01, 0x01, 0x01, 0x01, 0x01, 0x01,
0x01, 0x01, 0x01, 0x08, 0x08, 0x08, 0x08, 0x08, 0x08, 0x08,
0x0A, 0x02, 0x02, 0x02, 0x02, 0x02, 0x02, 0x02, 0x02, 0x02,
0x02, 0x02, 0x02, 0x02, 0x02, 0x02, 0x02, 0x02, 0x02, 0x02,
0x00, 0x00, 0x00, 0x00, 0x00, 0x00, 0x00, 0x00, 0x00, 0x00,
0x00, 0x00, 0x00, 0x00, 0x00, 0x04, 0x04, 0x04, 0x04, 0x04,
0x04, 0x05, 0x01, 0x01, 0x01, 0x01, 0x01, 0x01, 0x01, 0x01,
0x00, 0x00, 0x00, 0x08, 0x08, 0x08, 0x08, 0x08, 0x08, 0x08,
0x00, 0x00, 0x00, 0x00, 0x00, 0x00, 0x00, 0x00, 0x00, 0x00,
0x00, 0x00, 0x00, 0x00, 0x00, 0x00, 0x00, 0x00, 0x00, 0x00,
0x00, 0x00, 0x00, 0x00, 0x00, 0x00, 0x00, 0x00, 0x00, 0x00,
0x00, 0x00, 0x00, 0x00, 0x00, 0x00, 0x00, 0x00, 0x00, 0x08,
0x08, 0x00, 0x04, 0x04, 0x04, 0x04, 0x00, 0x01, 0x01, 0x01,
0x01, 0x01, 0x00, 0x00, 0x00, 0x00, 0x02, 0x02, 0x02, 0x02,
0x02, 0x04, 0x04, 0x04, 0x00, 0x00, 0x00, 0x00, 0x00, 0x00,
0x00, 0x08, 0x08, 0x08, 0x08, 0x08, 0x08, 0x08, 0x08, 0x08,
0x08, 0x08, 0x08, 0x08, 0x00, 0x04, 0x04, 0x04, 0x04, 0x04,
0x04, 0x00, 0x00, 0x00, 0x00, 0x01, 0x01, 0x01, 0x01, 0x00,
0x00, 0x00, 0x00, 0x00, 0x00, 0x00, 0x00, 0x00, 0x00, 0x00,
0x00, 0x00, 0x00, 0x04, 0x04, 0x04, 0x04, 0x04, 0x00, 0x00,
0x02, 0x02, 0x02, 0x02, 0x02, 0x02, 0x02, 0x02, 0x02, 0x02,
0x02, 0x02, 0x02, 0x00, 0x00, 0x00, 0x00, 0x00, 0x00, 0x00,
0x00, 0x00, 0x00, 0x00, 0x00, 0x04, 0x04, 0x00, 0x00, 0x00,
0x00, 0x00, 0x00, 0x00, 0x00, 0x00, 0x00, 0x00, 0x00, 0x00,
0x08, 0x08, 0x08, 0x08, 0x08, 0x09, 0x09, 0x08, 0x08, 0x08,
0x00, 0x00, 0x00, 0x00, 0x00, 0x00, 0x00, 0x00, 0x00, 0x00,
0x00, 0x00, 0x00, 0x04, 0x04, 0x04, 0x04, 0x04, 0x04, 0x04,
0x00, 0x00, 0x00, 0x00, 0x00, 0x00, 0x00, 0x00, 0x00, 0x00,
0x00, 0x00, 0x00, 0x00, 0x00, 0x00, 0x00, 0x00, 0x00, 0x00,
0x00, 0x00, 0x00, 0x00, 0x00, 0x00, 0x00, 0x00, 0x00, 0x00,
0x00, 0x00, 0x00, 0x00, 0x00, 0x00, 0x00, 0x00, 0x00, 0x00,
0x00, 0x00, 0x00, 0x00, 0x00, 0x00, 0x00, 0x00, 0x00, 0x00,
0x00, 0x00, 0x00, 0x00, 0x00, 0x00, 0x00, 0x00, 0x00, 0x00,
0x00, 0x00, 0x00, 0x00, 0x00, 0x00, 0x00, 0x00, 0x00, 0x00,
0x00, 0x00, 0x00, 0x00, 0x00, 0x00, 0x00, 0x00, 0x00, 0x00,
0x00, 0x00, 0x00, 0x00, 0x00, 0x00, 0x00, 0x00, 0x00, 0x00,
0x00, 0x00, 0x00, 0x00, 0x00, 0x00, 0x00, 0x00, 0x00, 0x00,
0x00, 0x00, 0x00, 0x00, 0x00, 0x00, 0x00, 0x00, 0x00, 0x00,
0x00, 0x00, 0x00, 0x00, 0x00, 0x00, 0x00, 0x00, 0x00, 0x00,
0x00, 0x00, 0x00, 0x00, 0x00, 0x00, 0x00, 0x00, 0x00, 0x00,
0x00, 0x00, 0x00, 0x00, 0x00, 0x00, 0x00, 0x00, 0x00, 0x00,
0x01, 0x01, 0x01, 0x01, 0x01, 0x01, 0x01, 0x01, 0x01, 0x01,
0x01, 0x01, 0x01, 0x01, 0x01, 0x01, 0x01, 0x01, 0x00, 0x00,
0x00, 0x02, 0x02, 0x02, 0x02, 0x02, 0x02, 0x02, 0x02, 0x02,
0x02, 0x02, 0x00, 0x10, 0x10, 0x10, 0x10, 0x10, 0x10, 0x10,
0x10, 0x10, 0x10, 0x14, 0x14, 0x14, 0x14, 0x14, 0x14, 0x14,
0x14, 0x14, 0x14, 0x10, 0x18, 0x18, 0x18, 0x18, 0x18, 0x18,
0x18, 0x18, 0x18, 0x18, 0x18, 0x18, 0x18, 0x18, 0x18, 0x18,
0x18, 0x1C, 0x14, 0x14, 0x14, 0x14, 0x14, 0x14, 0x14, 0x14,
0x14, 0x14, 0x14, 0x14, 0x14, 0x14, 0x14, 0x14, 0x14, 0x14,
0x14, 0x10, 0x18, 0x18, 0x18, 0x18, 0x1A, 0x1A, 0x1A, 0x1A,
0x12, 0x16, 0x16, 0x14, 0x14, 0x14, 0x14, 0x14, 0x14, 0x14,
0x14, 0x14, 0x14, 0x10, 0x10, 0x10, 0x10, 0x10, 0x10, 0x10,
0x10, 0x10, 0x10, 0x10, 0x10, 0x10, 0x10, 0x10, 0x10, 0x10,
0x10, 0x10, 0x10, 0x10, 0x18, 0x18, 0x18, 0x18, 0x10, 0x10,
0x11, 0x11, 0x11, 0x11, 0x11, 0x11, 0x11, 0x10, 0x10, 0x10,
0x10, 0x10, 0x10, 0x10, 0x10, 0x10, 0x11, 0x11, 0x11, 0x11,
0x11, 0x11, 0x11, 0x11, 0x11, 0x10, 0x10, 0x10, 0x10, 0x10,
0x10, 0x10, 0x10, 0x10, 0x10, 0x10, 0x10, 0x10, 0x12, 0x12,
0x12, 0x1A, 0x1A, 0x1A, 0x1A, 0x1A, 0x12, 0x12, 0x10, 0x10,
0x10, 0x10, 0x18, 0x18, 0x18, 0x10, 0x10, 0x10, 0x18, 0x18,
0x18, 0x18, 0x18, 0x18, 0x18, 0x18, 0x18, 0x18, 0x18, 0x18,
0x18, 0x18, 0x18, 0x18, 0x18, 0x18, 0x10, 0x11, 0x11, 0x11,
0x11, 0x11, 0x10, 0x10, 0x10, 0x10, 0x10, 0x10, 0x10, 0x12,
0x12, 0x12, 0x12, 0x16, 0x14, 0x14, 0x14, 0x14, 0x14, 0x14,
0x14, 0x14, 0x14, 0x14, 0x10, 0x10, 0x10, 0x10, 0x10, 0x10,
0x10, 0x10, 0x10, 0x10, 0x10, 0x12, 0x12, 0x12, 0x12, 0x12,
0x10, 0x10, 0x10, 0x10, 0x10, 0x10, 0x10, 0x10, 0x10, 0x10,
0x10, 0x10, 0x14, 0x14, 0x14, 0x14, 0x14, 0x14, 0x10, 0x10,
0x10, 0x10, 0x10, 0x10, 0x14, 0x14, 0x14, 0x14, 0x14, 0x14,
0x14, 0x14, 0x10, 0x10, 0x10, 0x10, 0x18, 0x18, 0x18, 0x18,
0x18, 0x18, 0x18, 0x18, 0x18, 0x18, 0x18, 0x10, 0x10, 0x10,
0x10, 0x10, 0x10, 0x10, 0x10, 0x10, 0x10, 0x10, 0x10, 0x14,
0x14, 0x14, 0x14, 0x14, 0x14, 0x10, 0x10, 0x10, 0x10, 0x10,
0x10, 0x10, 0x10, 0x10, 0x10, 0x10, 0x10, 0x10, 0x18, 0x18,
0x18, 0x18, 0x18, 0x10, 0x14, 0x14, 0x14, 0x14, 0x14, 0x14,
0x10, 0x18, 0x18, 0x18, 0x10, 0x10, 0x14, 0x14, 0x14, 0x14,
0x14, 0x10, 0x10, 0x10, 0x10, 0x10, 0x10, 0x10, 0x10, 0x10,
0x10, 0x10, 0x10, 0x10, 0x10, 0x10, 0x10, 0x10, 0x10, 0x10,
0x10, 0x10, 0x10, 0x10, 0x10, 0x10, 0x10, 0x10, 0x10, 0x10,
0x10, 0x10, 0x10, 0x10, 0x10, 0x10, 0x10, 0x10, 0x10, 0x10,
0x10, 0x10, 0x10, 0x10, 0x18, 0x18, 0x18, 0x10, 0x10, 0x14,
0x14, 0x14, 0x14, 0x14, 0x14, 0x14, 0x14, 0x14, 0x10, 0x10,
0x10, 0x10, 0x10, 0x10, 0x18, 0x18, 0x18, 0x18, 0x18, 0x18,
0x18, 0x18, 0x18, 0x10, 0x10, 0x10, 0x10, 0x10, 0x10, 0x10,
0x10, 0x10, 0x10, 0x10, 0x10, 0x10, 0x10, 0x14, 0x14, 0x14,
0x14, 0x14, 0x14, 0x14, 0x14, 0x14, 0x14, 0x10, 0x10, 0x10,
0x10, 0x10, 0x10, 0x10, 0x10, 0x18, 0x18, 0x18, 0x18, 0x18,
0x18, 0x18, 0x18, 0x10, 0x10, 0x10, 0x10, 0x10, 0x10, 0x10,
0x10, 0x10, 0x10, 0x14, 0x14, 0x14, 0x10, 0x10, 0x11, 0x11,
0x11, 0x10, 0x10, 0x10, 0x10, 0x10, 0x10, 0x18, 0x18, 0x18,
0x18, 0x18, 0x18, 0x18, 0x18, 0x18, 0x18, 0x18, 0x18, 0x18,
0x18, 0x18, 0x10, 0x14, 0x14, 0x14, 0x14, 0x14, 0x14, 0x14,
0x14, 0x14, 0x14, 0x14, 0x14, 0x14, 0x10, 0x10, 0x10, 0x10,
0x10, 0x10, 0x10, 0x10, 0x14, 0x14, 0x14, 0x14, 0x14, 0x14,
0x14, 0x10, 0x10, 0x10, 0x10, 0x10, 0x10, 0x10, 0x10, 0x10,
0x10, 0x10, 0x14, 0x14, 0x14, 0x10, 0x10, 0x10, 0x10, 0x10,
0x10, 0x18, 0x18, 0x18, 0x18, 0x10, 0x10, 0x10, 0x10, 0x18,
0x18, 0x18, 0x18, 0x18, 0x18, 0x18, 0x18, 0x10, 0x10, 0x10,
0x10, 0x10, 0x10, 0x10, 0x10, 0x10, 0x10, 0x10, 0x14, 0x14,
0x14, 0x14, 0x14, 0x10, 0x10, 0x10, 0x10, 0x10, 0x10, 0x10,
0x10, 0x14, 0x14, 0x14, 0x14, 0x14, 0x10, 0x18, 0x18, 0x18,
0x18, 0x18, 0x18, 0x18, 0x18, 0x10, 0x10, 0x10, 0x10, 0x10,
0x10, 0x10, 0x10, 0x10, 0x10, 0x10, 0x10, 0x10, 0x10, 0x10,
0x10, 0x10, 0x10, 0x10, 0x10, 0x18, 0x18, 0x18, 0x18, 0x18,
0x18, 0x10, 0x10, 0x10, 0x10, 0x10, 0x10, 0x10, 0x10, 0x10,
0x10, 0x10, 0x10, 0x10, 0x10, 0x10, 0x10, 0x12, 0x12, 0x12,
0x12, 0x10, 0x10, 0x10, 0x10, 0x18, 0x18, 0x18, 0x18, 0x18,
0x10, 0x10, 0x10, 0x10, 0x10, 0x10, 0x10, 0x10, 0x10, 0x10,
0x11, 0x11, 0x11, 0x11, 0x11, 0x10, 0x10, 0x10, 0x10, 0x10,
0x10, 0x14, 0x14, 0x14, 0x14, 0x10, 0x10, 0x10, 0x10, 0x10,
0x10, 0x10, 0x10, 0x10, 0x10, 0x10, 0x10, 0x10, 0x10, 0x10,
0x10, 0x10, 0x10, 0x10, 0x10, 0x10, 0x14, 0x14, 0x14, 0x14,
0x14, 0x10, 0x10, 0x10, 0x10, 0x10, 0x10, 0x10, 0x10, 0x10,
0x10, 0x10, 0x10, 0x10, 0x10, 0x10, 0x10, 0x10, 0x10, 0x10,
0x10, 0x10, 0x10, 0x10, 0x10, 0x10, 0x10, 0x10, 0x10, 0x10,
0x10, 0x18, 0x10, 0x10, 0x10, 0x10, 0x10, 0x10, 0x10, 0x10,
0x10, 0x10, 0x10, 0x10, 0x10, 0x10, 0x10, 0x11, 0x11, 0x11,
0x11, 0x11, 0x11, 0x11, 0x11, 0x11, 0x11, 0x11, 0x10, 0x10,
0x10, 0x10, 0x10, 0x14, 0x14, 0x14, 0x14, 0x14, 0x14, 0x10,
0x10, 0x10, 0x10, 0x10, 0x10, 0x10, 0x10, 0x14, 0x14, 0x14,
0x16, 0x12, 0x12, 0x12, 0x12, 0x12, 0x12, 0x12, 0x12, 0x10,
0x10, 0x10, 0x10, 0x10, 0x14, 0x14, 0x14, 0x14, 0x16, 0x16,
0x12, 0x12, 0x10, 0x10, 0x10, 0x10, 0x10, 0x10, 0x18, 0x18,
0x18, 0x18, 0x10, 0x10, 0x10, 0x10, 0x10, 0x10, 0x10, 0x10,
0x10, 0x10, 0x10, 0x10, 0x10, 0x10, 0x10, 0x10, 0x10, 0x11,
0x11, 0x11, 0x11, 0x11, 0x10, 0x10, 0x10, 0x10, 0x10, 0x10,
0x10, 0x10, 0x10, 0x10, 0x10, 0x10, 0x10, 0x10, 0x10, 0x10,
0x10, 0x10, 0x10, 0x10, 0x11, 0x11, 0x11, 0x11, 0x11, 0x11,
0x11, 0x11, 0x11, 0x11, 0x11, 0x11, 0x10, 0x10, 0x10, 0x10,
0x10, 0x10, 0x10, 0x12, 0x12, 0x12, 0x12, 0x12, 0x10, 0x10,
0x10, 0x18, 0x18, 0x18, 0x18, 0x18, 0x18, 0x18, 0x18, 0x18,
0x18, 0x18, 0x18, 0x18, 0x10, 0x10, 0x10, 0x10, 0x10, 0x10,
0x10, 0x10, 0x10, 0x14, 0x14, 0x14, 0x14, 0x14, 0x14, 0x14,
0x14, 0x10, 0x10, 0x10, 0x10, 0x10, 0x10, 0x10, 0x10, 0x10,
0x10, 0x10, 0x18, 0x18, 0x18, 0x18, 0x18, 0x18, 0x18, 0x10,
0x10, 0x10, 0x10, 0x10, 0x10, 0x10, 0x10, 0x10, 0x10, 0x10,
0x10, 0x10, 0x10, 0x10, 0x10, 0x12, 0x12, 0x12, 0x12, 0x14,
0x14, 0x14, 0x14, 0x14, 0x14, 0x14, 0x14, 0x15, 0x15, 0x11,
0x11, 0x11, 0x10, 0x10, 0x18, 0x18, 0x18, 0x18, 0x18, 0x18,
0x18, 0x18, 0x18, 0x18, 0x18, 0x18, 0x10, 0x14, 0x14, 0x14,
0x14, 0x14, 0x14, 0x14, 0x12, 0x12, 0x12, 0x12, 0x12, 0x12,
0x10, 0x10, 0x10, 0x10, 0x18, 0x18, 0x18, 0x18, 0x18, 0x18,
0x18, 0x18, 0x14, 0x14, 0x14, 0x14, 0x14, 0x14, 0x14, 0x14,
0x14, 0x10, 0x10, 0x10, 0x18, 0x18, 0x18, 0x18, 0x18, 0x18,
0x18, 0x18, 0x18, 0x18, 0x1C, 0x14, 0x14, 0x14, 0x14, 0x14,
0x14, 0x14, 0x14, 0x14, 0x14, 0x10, 0x10, 0x10, 0x18, 0x18,
0x18, 0x18, 0x18, 0x18, 0x18, 0x18, 0x18, 0x18, 0x18, 0x10,
0x14, 0x16, 0x16, 0x16, 0x16, 0x14, 0x14, 0x14, 0x14, 0x14,
0x15, 0x15, 0x15, 0x15, 0x15, 0x15, 0x14, 0x14, 0x14, 0x10,
0x10, 0x10, 0x10, 0x10, 0x10, 0x10, 0x18, 0x18, 0x1A, 0x1A,
0x1A, 0x1A, 0x1A, 0x1A, 0x18, 0x18, 0x18, 0x18, 0x18, 0x18,
0x18, 0x18, 0x19, 0x19, 0x19, 0x19, 0x19, 0x18, 0x10, 0x10,
0x18, 0x18, 0x18, 0x10, 0x10, 0x10, 0x10, 0x12, 0x12, 0x12,
0x16, 0x16, 0x16, 0x16, 0x16, 0x16, 0x16, 0x16, 0x16, 0x16,
0x16, 0x14, 0x14, 0x14, 0x14, 0x15, 0x15, 0x11, 0x11, 0x11,
0x11, 0x11, 0x11, 0x19, 0x19, 0x18, 0x18, 0x18, 0x18, 0x18,
0x10, 0x10, 0x10, 0x10, 0x14, 0x14, 0x14, 0x14, 0x14, 0x14,
0x14, 0x14, 0x14, 0x14, 0x14, 0x14, 0x14, 0x14, 0x14, 0x14,
0x10, 0x10, 0x10, 0x10, 0x10, 0x18, 0x18, 0x18, 0x18, 0x18,
0x18, 0x18, 0x18, 0x18, 0x18, 0x18, 0x18, 0x18, 0x18, 0x18,
0x10, 0x10, 0x10, 0x11, 0x11, 0x11, 0x11, 0x11, 0x11, 0x10,
0x10, 0x18, 0x18, 0x18, 0x18, 0x18, 0x18, 0x14, 0x14, 0x14,
0x14, 0x14, 0x14, 0x14, 0x14, 0x14, 0x14, 0x14, 0x14, 0x16,
0x16, 0x16, 0x16, 0x12, 0x18, 0x18, 0x18, 0x18, 0x18, 0x18,
0x18, 0x18, 0x18, 0x18, 0x18, 0x18, 0x10, 0x10, 0x14, 0x14,
0x14, 0x14, 0x14, 0x14, 0x14, 0x14, 0x14, 0x14, 0x14, 0x14,
0x14, 0x1C, 0x18, 0x18, 0x18, 0x18, 0x18, 0x18, 0x18, 0x18,
0x18, 0x18, 0x19, 0x19, 0x19, 0x19, 0x19, 0x19, 0x19, 0x19,
0x19, 0x10, 0x10, 0x10, 0x12, 0x12, 0x12, 0x12, 0x12, 0x12,
0x16, 0x16, 0x14, 0x14, 0x14, 0x16, 0x16, 0x16, 0x16, 0x14,
0x14, 0x14, 0x10, 0x10, 0x10, 0x10, 0x10, 0x10, 0x10, 0x10,
0x10, 0x10, 0x10, 0x10, 0x10, 0x10, 0x12, 0x12, 0x12, 0x12,
0x10, 0x10, 0x18, 0x18, 0x18, 0x18, 0x18, 0x18, 0x18, 0x18,
0x18, 0x18, 0x18, 0x18, 0x18, 0x10, 0x11, 0x11, 0x11, 0x11,
0x11, 0x11, 0x11, 0x14, 0x14, 0x14, 0x14, 0x14, 0x14, 0x14,
0x14, 0x14, 0x14, 0x10, 0x10, 0x10, 0x10, 0x10, 0x10, 0x10,
0x10, 0x18, 0x18, 0x18, 0x18, 0x18, 0x18, 0x1C, 0x14, 0x14,
0x14, 0x14, 0x14, 0x14, 0x14, 0x14, 0x14, 0x14, 0x14, 0x14,
0x14, 0x10, 0x18, 0x18, 0x18, 0x18, 0x18, 0x18, 0x18, 0x18,
0x18, 0x14, 0x14, 0x14, 0x14, 0x14, 0x14, 0x14, 0x14, 0x14,
0x14, 0x10, 0x10, 0x18, 0x18, 0x18, 0x18, 0x18, 0x18, 0x18,
0x18, 0x18, 0x18, 0x18, 0x18, 0x10, 0x10, 0x14, 0x14, 0x14,
0x16, 0x16, 0x12, 0x12, 0x10, 0x10, 0x10, 0x12, 0x12, 0x12,
0x12, 0x12, 0x10, 0x18, 0x18, 0x18, 0x18, 0x18, 0x18, 0x19,
0x19, 0x19, 0x19, 0x19, 0x19, 0x19, 0x19, 0x19, 0x15, 0x14,
0x14, 0x14, 0x14, 0x14, 0x14, 0x14, 0x14, 0x14, 0x14, 0x14,
0x14, 0x14, 0x16, 0x12, 0x12, 0x12, 0x12, 0x12, 0x12, 0x12,
0x10, 0x10, 0x10, 0x10, 0x14, 0x14, 0x14, 0x14, 0x14, 0x14,
0x14, 0x14, 0x14, 0x14, 0x14, 0x14, 0x15, 0x15, 0x15, 0x11,
0x19, 0x18, 0x18, 0x18, 0x18, 0x18, 0x18, 0x18, 0x18, 0x18,
0x18, 0x18, 0x18, 0x18, 0x18, 0x18, 0x18, 0x18, 0x18, 0x18,
0x18, 0x18, 0x18, 0x18, 0x18, 0x19, 0x11, 0x11, 0x11, 0x11,
0x11, 0x14, 0x14, 0x14, 0x14, 0x14, 0x14, 0x14, 0x14, 0x14,
0x14, 0x14, 0x14, 0x14, 0x16, 0x16, 0x12, 0x12, 0x1A, 0x18,
0x18, 0x18, 0x18, 0x18, 0x18, 0x10, 0x10, 0x10, 0x10, 0x10,
0x10, 0x10, 0x12, 0x12, 0x12, 0x12, 0x10, 0x10, 0x12, 0x12,
0x12, 0x12, 0x10, 0x10, 0x14, 0x14, 0x14, 0x14, 0x14, 0x14,
0x14, 0x14, 0x14, 0x11, 0x11, 0x11, 0x11, 0x11, 0x10, 0x18,
0x18, 0x18, 0x18, 0x10, 0x10, 0x10, 0x10, 0x10, 0x10, 0x10,
0x10, 0x14, 0x14, 0x14, 0x14, 0x15, 0x11, 0x11, 0x11, 0x11,
0x11, 0x10, 0x10, 0x10, 0x18, 0x18, 0x18, 0x18, 0x18, 0x18,
0x10, 0x10, 0x10, 0x10, 0x10, 0x10, 0x10, 0x10, 0x10, 0x10,
0x10, 0x10, 0x18, 0x18, 0x18, 0x18, 0x18, 0x10, 0x10, 0x10,
0x12, 0x12, 0x12, 0x12, 0x12, 0x12, 0x12, 0x12, 0x10, 0x10,
0x10, 0x10, 0x10, 0x10, 0x10, 0x18, 0x18, 0x18, 0x10, 0x10,
0x10, 0x10, 0x10, 0x10, 0x10, 0x10, 0x10, 0x10, 0x10, 0x14,
0x14, 0x14, 0x10, 0x10, 0x10, 0x10, 0x10, 0x10, 0x11, 0x11,
0x19, 0x19, 0x19, 0x11, 0x10, 0x10, 0x10, 0x10, 0x10, 0x10,
0x14, 0x14, 0x14, 0x14, 0x14, 0x14, 0x10, 0x10, 0x10, 0x18,
0x18, 0x18, 0x18, 0x18, 0x18, 0x18, 0x18, 0x19, 0x19, 0x11,
0x11, 0x11, 0x11, 0x11, 0x15, 0x15, 0x14, 0x14, 0x14, 0x14,
0x14, 0x14, 0x14, 0x14, 0x14, 0x14, 0x16, 0x16, 0x16, 0x16,
0x16, 0x14, 0x14, 0x15, 0x11, 0x11, 0x11, 0x11, 0x11, 0x11,
0x11, 0x11, 0x11, 0x15, 0x15, 0x15, 0x14, 0x10, 0x10, 0x10,
0x12, 0x12, 0x12, 0x1A, 0x1A, 0x1A, 0x1A, 0x1A, 0x1A, 0x18,
0x18, 0x18, 0x18, 0x18, 0x18, 0x18, 0x18, 0x18, 0x19, 0x19,
0x11, 0x11, 0x11, 0x11, 0x11, 0x10, 0x10, 0x10, 0x10, 0x10,
0x10, 0x10, 0x10, 0x10, 0x18, 0x18, 0x18, 0x1A, 0x1A, 0x12,
0x14, 0x14, 0x14, 0x16, 0x16, 0x16, 0x16, 0x16, 0x16, 0x16,
0x16, 0x16, 0x16, 0x10, 0x10, 0x10, 0x10, 0x10, 0x10, 0x10,
0x10, 0x10, 0x10, 0x10, 0x10, 0x10, 0x10, 0x10, 0x10, 0x10,
0x10, 0x10, 0x10, 0x10, 0x10, 0x10, 0x10, 0x10, 0x10, 0x10,
0x10, 0x10, 0x10, 0x10, 0x10, 0x10, 0x10, 0x10, 0x10, 0x10,
0x10, 0x10, 0x10, 0x10, 0x10, 0x10, 0x10, 0x10, 0x18, 0x18,
0x18, 0x18, 0x18, 0x10, 0x10, 0x10, 0x10, 0x10, 0x10, 0x10,
0x10, 0x10, 0x10, 0x10, 0x10, 0x10, 0x10, 0x10, 0x10, 0x10,
0x10, 0x10, 0x10, 0x10, 0x10, 0x10, 0x10, 0x10, 0x10, 0x10,
0x10, 0x10, 0x10, 0x10, 0x10, 0x10, 0x10, 0x10, 0x10, 0x10,
0x12, 0x12, 0x12, 0x12, 0x12, 0x12, 0x12, 0x12, 0x12, 0x12,
0x12, 0x12, 0x12, 0x12, 0x10, 0x10, 0x18, 0x18, 0x18, 0x18,
0x18, 0x10, 0x10, 0x14, 0x14, 0x14, 0x14, 0x14, 0x14, 0x10,
0x10, 0x10, 0x10, 0x10, 0x10, 0x10, 0x10, 0x10, 0x10, 0x10,
0x10, 0x10, 0x14, 0x14, 0x10, 0x10, 0x18, 0x18, 0x19, 0x19,
0x19, 0x19, 0x19, 0x19, 0x11, 0x10, 0x10, 0x10, 0x10, 0x10,
0x10, 0x10, 0x10, 0x10, 0x10, 0x10, 0x10, 0x10, 0x10, 0x10,
0x10, 0x10, 0x10, 0x10, 0x10, 0x10, 0x10, 0x10, 0x10, 0x10,
0x12, 0x12, 0x12, 0x12, 0x10, 0x10, 0x10, 0x10, 0x14, 0x14,
0x14, 0x10, 0x10, 0x10, 0x10, 0x10, 0x10, 0x10, 0x10, 0x10,
0x10, 0x10, 0x10, 0x10, 0x10, 0x10, 0x10, 0x10, 0x11, 0x11,
0x11, 0x11, 0x11, 0x11, 0x11, 0x18, 0x18, 0x18, 0x18, 0x18,
0x18, 0x19, 0x11, 0x11, 0x11, 0x11, 0x11, 0x11, 0x11, 0x11,
0x11, 0x11, 0x11, 0x11, 0x11, 0x11, 0x11, 0x10, 0x10, 0x10,
0x10, 0x10, 0x10, 0x10, 0x18, 0x18, 0x18, 0x18, 0x18, 0x18,
0x14, 0x14, 0x14, 0x14, 0x14, 0x14, 0x14, 0x14, 0x14, 0x14,
0x14, 0x14, 0x14, 0x14, 0x15, 0x15, 0x15, 0x15, 0x15, 0x15,
0x15, 0x15, 0x15, 0x15, 0x15, 0x15, 0x11, 0x10, 0x10, 0x10,
0x10, 0x10, 0x10, 0x10, 0x10, 0x10, 0x10, 0x10, 0x10, 0x10,
0x10, 0x10, 0x10, 0x10, 0x10, 0x10, 0x10, 0x10, 0x10, 0x10,
0x10, 0x10, 0x10, 0x10, 0x11, 0x11, 0x11, 0x11, 0x11, 0x11,
0x11, 0x11, 0x11, 0x11, 0x11, 0x11, 0x11, 0x11, 0x11, 0x11,
0x11, 0x11, 0x11, 0x11, 0x11, 0x11, 0x11, 0x11, 0x10, 0x10,
0x10, 0x10, 0x10, 0x18, 0x18, 0x18, 0x18, 0x18, 0x18, 0x10,
0x10, 0x10, 0x12, 0x16, 0x16, 0x10, 0x10, 0x10, 0x10, 0x15,
0x15, 0x15, 0x14, 0x14, 0x14, 0x14, 0x10, 0x10, 0x10, 0x10,
0x10, 0x10, 0x10, 0x10, 0x10, 0x14, 0x14, 0x14, 0x14, 0x14,
0x14, 0x14, 0x14, 0x14, 0x10, 0x10, 0x10, 0x10, 0x10, 0x10,
0x10, 0x10, 0x10, 0x10, 0x10, 0x10, 0x10, 0x14, 0x14, 0x14,
0x14, 0x14, 0x14, 0x14, 0x14, 0x14, 0x14, 0x14, 0x14, 0x16,
0x16, 0x12, 0x12, 0x12, 0x12, 0x12, 0x12, 0x12, 0x12, 0x12,
0x12, 0x12, 0x12, 0x12, 0x12, 0x12, 0x12, 0x12, 0x12, 0x12,
0x12, 0x12, 0x12, 0x12, 0x00, 0x00, 0x00, 0x08, 0x08, 0x08,
0x08, 0x08, 0x08, 0x00, 0x00, 0x00, 0x00, 0x00, 0x00, 0x00,
0x00, 0x00, 0x08, 0x08, 0x08, 0x00, 0x00, 0x00, 0x00, 0x00,
0x00, 0x00, 0x00, 0x00, 0x00, 0x00, 0x00, 0x00, 0x00, 0x00,
0x04, 0x04, 0x04, 0x04, 0x00, 0x00, 0x00, 0x00, 0x00, 0x08,
0x08, 0x08, 0x00, 0x00, 0x00, 0x00, 0x08, 0x08, 0x00, 0x00,
0x00, 0x08, 0x08, 0x08, 0x08, 0x00, 0x00, 0x00, 0x00, 0x00,
0x00, 0x00, 0x00, 0x00, 0x00, 0x08, 0x08, 0x08, 0x00, 0x00,
0x00, 0x00, 0x00, 0x00, 0x00, 0x00, 0x00, 0x00, 0x00, 0x00,
0x08, 0x00, 0x00, 0x00, 0x00, 0x00, 0x04, 0x04, 0x00, 0x00,
0x00, 0x00, 0x00, 0x00, 0x00, 0x00, 0x00, 0x00, 0x00, 0x00,
0x00, 0x00, 0x08, 0x08, 0x08, 0x00, 0x00, 0x00, 0x00, 0x00,
0x00, 0x00, 0x00, 0x00, 0x00, 0x08, 0x08, 0x08, 0x08, 0x00,
0x00, 0x00, 0x00, 0x00, 0x00, 0x00, 0x00, 0x04, 0x00, 0x00,
0x00, 0x00, 0x00, 0x04, 0x04, 0x04, 0x04, 0x00, 0x00, 0x00,
0x08, 0x08, 0x08, 0x00, 0x00, 0x00, 0x00, 0x00, 0x08, 0x08,
0x00, 0x00, 0x00, 0x00, 0x00, 0x08, 0x08, 0x00, 0x00, 0x00,
0x00, 0x00, 0x08, 0x08, 0x08, 0x00, 0x00, 0x00, 0x00, 0x00,
0x00, 0x00, 0x00, 0x00, 0x00, 0x00, 0x00, 0x00, 0x00, 0x00,
0x00, 0x00, 0x00, 0x00, 0x04, 0x04, 0x04, 0x04, 0x00, 0x00,
0x00, 0x08, 0x08, 0x08, 0x00, 0x00, 0x00, 0x00, 0x00, 0x00,
0x00, 0x00, 0x00, 0x00, 0x00, 0x00, 0x00, 0x00, 0x00, 0x00,
0x00, 0x00, 0x00, 0x00, 0x00, 0x00, 0x00, 0x00, 0x00, 0x00,
0x00, 0x00, 0x00, 0x00, 0x00, 0x00, 0x00, 0x00, 0x00, 0x00,
0x08, 0x08, 0x08, 0x08, 0x08, 0x08, 0x08, 0x08, 0x08, 0x08,
0x08, 0x08, 0x08, 0x08, 0x08, 0x08, 0x08, 0x00, 0x00, 0x00,
0x00, 0x00, 0x00, 0x04, 0x04, 0x04, 0x04, 0x04, 0x04, 0x04,
0x04, 0x04, 0x05, 0x05, 0x05, 0x05, 0x01, 0x01, 0x01, 0x01,
0x00, 0x00, 0x00, 0x00, 0x00, 0x00, 0x00, 0x00, 0x00, 0x00,
0x00, 0x00, 0x00, 0x00, 0x00, 0x00, 0x00, 0x00, 0x00, 0x00,
0x00, 0x00, 0x00, 0x00, 0x00, 0x00, 0x00, 0x00, 0x00, 0x00,
0x00, 0x00, 0x00, 0x00, 0x00, 0x00, 0x00, 0x00, 0x00, 0x00,
0x00, 0x00, 0x00, 0x00, 0x00, 0x00, 0x00, 0x00, 0x00, 0x00,
0x00, 0x00, 0x00, 0x00, 0x00, 0x00, 0x00, 0x00, 0x00, 0x00,
0x00, 0x00, 0x00, 0x00, 0x00, 0x00, 0x00, 0x00, 0x00, 0x00,
0x00, 0x00, 0x00, 0x00, 0x00, 0x00, 0x00, 0x00, 0x00, 0x00,
0x00, 0x00, 0x00, 0x00, 0x00, 0x00, 0x00, 0x00, 0x00, 0x00,
0x00, 0x00, 0x00, 0x00, 0x00, 0x00, 0x00, 0x00, 0x00, 0x00,
0x00, 0x00, 0x00, 0x00, 0x00, 0x00, 0x00, 0x00, 0x00, 0x00,
0x00, 0x00, 0x00, 0x00, 0x00, 0x00, 0x00, 0x00, 0x00, 0x00,
0x00, 0x00, 0x00, 0x00, 0x00, 0x00, 0x00, 0x00, 0x00, 0x00,
0x00, 0x00, 0x00, 0x00, 0x00, 0x00, 0x00, 0x00, 0x00, 0x00,
0x00, 0x00, 0x00, 0x00, 0x00, 0x00, 0x00, 0x00, 0x00, 0x00,
0x00, 0x00, 0x00, 0x00, 0x00, 0x00, 0x00, 0x00, 0x00, 0x00,
0x00, 0x00, 0x00, 0x00, 0x00, 0x00, 0x00, 0x00, 0x00, 0x00,
0x00, 0x00, 0x00, 0x00, 0x00, 0x00, 0x00, 0x00, 0x00, 0x00,
0x00, 0x00, 0x00, 0x00, 0x00, 0x00, 0x00, 0x00, 0x00, 0x00,
0x00, 0x00, 0x00, 0x00, 0x00, 0x00, 0x00, 0x00, 0x00, 0x00,
0x00, 0x00, 0x00, 0x00, 0x00, 0x00, 0x00, 0x00, 0x00, 0x00,
0x00, 0x00, 0x00, 0x00, 0x00, 0x00, 0x00, 0x00, 0x00, 0x00,
0x00, 0x00, 0x00, 0x00, 0x00, 0x00, 0x00, 0x00, 0x00, 0x00,
0x00, 0x00, 0x00, 0x00, 0x00, 0x00, 0x00, 0x00, 0x00, 0x00,
0x00, 0x00, 0x00, 0x00, 0x00, 0x00, 0x00, 0x00, 0x00, 0x00,
0x00, 0x00, 0x00, 0x00, 0x00, 0x00, 0x00, 0x00, 0x00, 0x00,
0x00, 0x00, 0x00, 0x00, 0x00, 0x00, 0x00, 0x00, 0x00, 0x00,
0x00, 0x00, 0x00, 0x00, 0x00, 0x00, 0x00, 0x00, 0x00, 0x00,
0x00, 0x00, 0x00, 0x00, 0x00, 0x00, 0x00, 0x00, 0x00, 0x00,
0x00, 0x00, 0x00, 0x00, 0x00, 0x00, 0x00, 0x00, 0x00, 0x00,
0x00, 0x00, 0x00, 0x00, 0x00, 0x00, 0x00, 0x00, 0x00, 0x00,
0x00, 0x00, 0x00, 0x00, 0x00, 0x00, 0x00, 0x00, 0x00, 0x00,
0x00, 0x00, 0x00, 0x00, 0x00, 0x00, 0x00, 0x00, 0x00, 0x00,
0x00, 0x00, 0x00, 0x00, 0x00, 0x00, 0x00, 0x00, 0x00, 0x00,
0x00, 0x00, 0x00, 0x00, 0x00, 0x00, 0x00, 0x00, 0x00, 0x00,
0x00, 0x00, 0x00, 0x00, 0x00, 0x00, 0x00, 0x00, 0x00, 0x00,
0x00, 0x00, 0x00, 0x00, 0x00, 0x00, 0x00, 0x00, 0x00, 0x00,
0x00, 0x00, 0x00, 0x00, 0x00, 0x00, 0x00, 0x00, 0x00, 0x00,
0x00, 0x00, 0x00, 0x00, 0x00, 0x00, 0x00, 0x00, 0x00, 0x00,
0x00, 0x00, 0x00, 0x00, 0x00, 0x00, 0x00, 0x00, 0x00, 0x00,
0x00, 0x00, 0x00, 0x00, 0x00, 0x00, 0x00, 0x00, 0x00, 0x00,
0x00, 0x00, 0x00, 0x00, 0x00, 0x00, 0x00, 0x00, 0x00, 0x00,
0x00, 0x00, 0x00, 0x00, 0x00, 0x00, 0x00, 0x00, 0x00, 0x00,
0x00, 0x00, 0x00, 0x00, 0x00, 0x00, 0x00, 0x00, 0x00, 0x00,
0x00, 0x00, 0x00, 0x00, 0x00, 0x00, 0x00, 0x00, 0x00, 0x00,
0x00, 0x00, 0x00, 0x00, 0x00, 0x00, 0x00, 0x00, 0x00, 0x00,
0x00, 0x00, 0x00, 0x00, 0x00, 0x00, 0x00, 0x00, 0x00, 0x00,
0x00, 0x00, 0x00, 0x00, 0x00, 0x00, 0x00, 0x00, 0x00, 0x00,
0x00, 0x00, 0x00, 0x00, 0x00, 0x00, 0x00, 0x00, 0x00, 0x00,
0x00, 0x00, 0x00, 0x00, 0x00, 0x00, 0x00, 0x00, 0x00, 0x00,
0x00, 0x00, 0x00, 0x00, 0x00, 0x00, 0x00, 0x00, 0x00, 0x00,
0x00, 0x00, 0x00, 0x00, 0x00, 0x00, 0x00, 0x00, 0x00, 0x00,
0x00, 0x00, 0x00, 0x00, 0x00, 0x00, 0x00, 0x00, 0x00, 0x00,
0x00, 0x00, 0x00, 0x00, 0x00, 0x00, 0x00, 0x00, 0x00, 0x00,
0x00, 0x00, 0x00, 0x00, 0x00, 0x00, 0x00, 0x00, 0x00, 0x00,
0x00, 0x00, 0x00, 0x00, 0x00, 0x00, 0x00, 0x00, 0x00, 0x00,
0x00, 0x00, 0x00, 0x00, 0x00, 0x00, 0x00, 0x00, 0x00, 0x00,
0x00, 0x00, 0x00, 0x00, 0x00, 0x00, 0x00, 0x00, 0x00, 0x00,
0x00, 0x00, 0x00, 0x00, 0x00, 0x00, 0x00, 0x00, 0x00, 0x00,
0x00, 0x00, 0x00, 0x00, 0x00, 0x00, 0x00, 0x00, 0x00, 0x00,
0x00, 0x00, 0x00, 0x00, 0x00, 0x00, 0x00, 0x00, 0x00, 0x00,
0x00, 0x00, 0x00, 0x00, 0x00, 0x00, 0x00, 0x00, 0x00, 0x00,
0x00, 0x00, 0x00, 0x00, 0x00, 0x00, 0x00, 0x00, 0x00, 0x00,
0x00, 0x00, 0x00, 0x00, 0x00, 0x00, 0x00, 0x00, 0x00, 0x00,
0x00, 0x00, 0x00, 0x00, 0x00, 0x00, 0x00, 0x00, 0x00, 0x00,
0x00, 0x00, 0x00, 0x00, 0x00, 0x00, 0x00, 0x00, 0x00, 0x00,
0x00, 0x00, 0x00, 0x00, 0x00, 0x00, 0x00, 0x00, 0x00, 0x00,
0x00, 0x00, 0x00, 0x00, 0x00, 0x00, 0x00, 0x00, 0x00, 0x00,
0x00, 0x00, 0x00, 0x00, 0x00, 0x00, 0x00, 0x00, 0x00, 0x00,
0x00, 0x00, 0x00, 0x00, 0x00, 0x00, 0x00, 0x00, 0x00, 0x00,
0x00, 0x00, 0x00, 0x00, 0x00, 0x00, 0x00, 0x00, 0x00, 0x00,
0x00, 0x00, 0x00, 0x00, 0x00, 0x00, 0x00, 0x00, 0x00, 0x00,
0x00, 0x00, 0x00, 0x00, 0x00, 0x00, 0x00, 0x00, 0x00, 0x00,
0x00, 0x00, 0x00, 0x00, 0x00, 0x00, 0x00, 0x00, 0x00, 0x00,
0x00, 0x00, 0x00, 0x00, 0x00, 0x00, 0x00, 0x00, 0x00, 0x00,
0x00, 0x00, 0x00, 0x00, 0x00, 0x00, 0x00, 0x00, 0x00, 0x00,
0x00, 0x00, 0x00, 0x00, 0x00, 0x00, 0x00, 0x00, 0x00, 0x00,
0x00, 0x00, 0x00, 0x00, 0x00, 0x00, 0x00, 0x00, 0x00, 0x00,
0x00, 0x00, 0x00, 0x00, 0x00, 0x00, 0x00, 0x00, 0x00, 0x00,
0x00, 0x00, 0x00, 0x00, 0x00, 0x00, 0x00, 0x00, 0x00, 0x00,
0x00, 0x00, 0x00, 0x00, 0x00, 0x00, 0x00, 0x00, 0x00, 0x00,
0x00, 0x00, 0x00, 0x00, 0x00, 0x00, 0x00, 0x00, 0x00, 0x00,
0x00, 0x00, 0x00, 0x00, 0x00, 0x00, 0x00, 0x00, 0x00, 0x00,
0x00, 0x00, 0x00, 0x00, 0x00, 0x00, 0x00, 0x00, 0x00, 0x00,
0x00, 0x00, 0x00, 0x00, 0x00, 0x00, 0x00, 0x00, 0x00, 0x00,
0x00, 0x00, 0x00, 0x00, 0x00, 0x00, 0x00, 0x00, 0x00, 0x00,
0x00, 0x00, 0x00, 0x00, 0x00, 0x00, 0x00, 0x00, 0x00, 0x00,
0x00, 0x00, 0x00, 0x00, 0x00, 0x00, 0x00, 0x00, 0x00, 0x00,
0x00, 0x00, 0x00, 0x00, 0x00, 0x00, 0x00, 0x00, 0x00, 0x00,
0x00, 0x00, 0x00, 0x00, 0x00, 0x00, 0x00, 0x00, 0x00, 0x00,
0x00, 0x00, 0x00, 0x00, 0x00, 0x00, 0x00, 0x00, 0x00, 0x00,
0x00, 0x00, 0x00, 0x00, 0x00, 0x00, 0x00, 0x00, 0x00, 0x00,
0x00, 0x00, 0x00, 0x00, 0x00, 0x00, 0x00, 0x00, 0x00, 0x00,
0x00, 0x00, 0x00, 0x00, 0x00, 0x00, 0x00, 0x00, 0x00, 0x00,
0x00, 0x00, 0x00, 0x00, 0x00, 0x00, 0x00, 0x00, 0x00, 0x00,
0x00, 0x00, 0x00, 0x00, 0x00, 0x00, 0x00, 0x00, 0x00, 0x00,
0x00, 0x00, 0x00, 0x00, 0x00, 0x00, 0x00, 0x00, 0x00, 0x00,
0x00, 0x00, 0x00, 0x00, 0x00, 0x00, 0x00, 0x00, 0x00, 0x00,
0x00, 0x00, 0x00, 0x00, 0x00, 0x00, 0x00, 0x00, 0x00, 0x00,
0x00, 0x00, 0x00, 0x00, 0x00, 0x00, 0x00, 0x00, 0x00, 0x00,
0x00, 0x00, 0x00, 0x00, 0x00, 0x00, 0x00, 0x00, 0x00, 0x00,
0x00, 0x00, 0x00, 0x00, 0x00, 0x00, 0x00, 0x00, 0x00, 0x00,
0x00, 0x00, 0x00, 0x00, 0x00, 0x00, 0x00, 0x00, 0x00, 0x00,
0x00, 0x00, 0x00, 0x00, 0x00, 0x00, 0x00, 0x00, 0x00, 0x00,
0x00, 0x00, 0x00, 0x00, 0x00, 0x00, 0x00, 0x00, 0x00, 0x00,
0x00, 0x00, 0x00, 0x00, 0x00, 0x00, 0x00, 0x00, 0x00, 0x00,
0x00, 0x00, 0x00, 0x00, 0x00, 0x00, 0x00, 0x00, 0x00, 0x00,
0x00, 0x00, 0x00, 0x00, 0x00, 0x00, 0x00, 0x00, 0x00, 0x00,
0x00, 0x00, 0x00, 0x00, 0x00, 0x00, 0x00, 0x00, 0x00, 0x00,
0x00, 0x00, 0x00, 0x00, 0x00, 0x00, 0x00, 0x00, 0x00, 0x00,
0x00, 0x00, 0x00, 0x00, 0x00, 0x00, 0x00, 0x00, 0x00, 0x00,
0x00, 0x00, 0x00, 0x00, 0x00, 0x00, 0x00, 0x00, 0x00, 0x00,
0x00, 0x00, 0x00, 0x00, 0x00, 0x00, 0x00, 0x00, 0x00, 0x00,
0x00, 0x00, 0x00, 0x00, 0x00, 0x00, 0x00, 0x00, 0x00, 0x00,
0x00, 0x00, 0x00, 0x00, 0x00, 0x00, 0x00, 0x00, 0x00, 0x00,
0x00, 0x00, 0x00, 0x00, 0x00, 0x00, 0x00, 0x00, 0x00, 0x00,
0x00, 0x00, 0x00, 0x00, 0x00, 0x00, 0x00, 0x00, 0x00, 0x00,
0x00, 0x00, 0x00, 0x00, 0x00, 0x00, 0x00, 0x00, 0x00, 0x00,
0x00, 0x00, 0x00, 0x00, 0x00, 0x00, 0x00, 0x00, 0x00, 0x00,
0x00, 0x00, 0x00, 0x00, 0x00, 0x00, 0x00, 0x00, 0x00, 0x00,
0x00, 0x00, 0x00, 0x00, 0x00, 0x00, 0x00, 0x00, 0x00, 0x00,
0x00, 0x00, 0x00, 0x00, 0x00, 0x00, 0x00, 0x00, 0x00, 0x00,
0x00, 0x00, 0x00, 0x00, 0x00, 0x00, 0x00, 0x00, 0x00, 0x00,
0x00, 0x00, 0x00, 0x00, 0x00, 0x00, 0x00, 0x00, 0x00, 0x00,
0x00, 0x00, 0x00, 0x00, 0x00, 0x00, 0x00, 0x00, 0x00, 0x00,
0x00, 0x00, 0x00, 0x00, 0x00, 0x00, 0x00, 0x00, 0x00, 0x00,
0x00, 0x00, 0x00, 0x00, 0x00, 0x00, 0x00, 0x00, 0x00, 0x00,
0x00, 0x00, 0x00, 0x00, 0x00, 0x00, 0x00, 0x00, 0x00, 0x00,
0x00, 0x00, 0x00, 0x00, 0x00, 0x00, 0x00, 0x00, 0x00, 0x00,
0x00, 0x00, 0x80, 0x80, 0x80, 0x80, 0x80, 0x80, 0x80, 0x80,
0x80, 0x80, 0x80, 0x80, 0x80, 0x80, 0x80, 0x80, 0x80, 0x80,
0x80, 0x80, 0x80, 0x80, 0x80, 0x80, 0x80, 0x80, 0x80, 0x80,
0x80, 0x80, 0x80, 0x80, 0x80, 0x80, 0x80, 0x80, 0x80, 0x80,
0x80, 0x80, 0x80, 0x80, 0x80, 0x80, 0x80, 0x80, 0x80, 0x80};
